Owner;Ship;Ship_code;Catch_object;Date;Catch;Depth;Latitude;Longitude
e;e30;e90;ставрида;26.02.2004;11.65;60;22.2;-17.3333
e;e30;e90;скумбрия;26.02.2004;8;60;22.2;-17.3333
e;e30;e90;анчоусы;27.02.2004;11.1;340;21.2833;-17.6
e;e30;e90;ставрида;27.02.2004;27.52;340;21.2833;-17.6
e;e30;e90;скумбрия;27.02.2004;1;340;21.2833;-17.6
e;e30;e90;ставрида;28.02.2004;82.14;280;21.05;-17.6
i;i30;i90;скумбрия;25.01.2004;1;300;22.8;-17.0833
i;i30;i90;сардина;25.01.2004;12.2;300;22.8;-17.0833
i;i30;i90;ставрида;26.01.2004;29.7;143;22.6;-17.2
i;i30;i90;сабля-рыба;26.01.2004;12.8;143;22.6;-17.2
i;i30;i90;скумбрия;26.01.2004;0.3;143;22.6;-17.2
i;i30;i90;ставрида;27.01.2004;50;200;22.95;-17.0167
i;i30;i90;ставрида;28.01.2004;54;168;22.6;-17.2
i;i30;i90;скумбрия;28.01.2004;10;168;22.6;-17.2
i;i30;i90;ставрида;29.01.2004;97;153;22.7833;-17.0833
i;i30;i90;скумбрия;29.01.2004;22;153;22.7833;-17.0833
i;i30;i90;ставрида;30.01.2004;104.9;140;22.6667;-17.15
i;i30;i90;сабля-рыба;30.01.2004;1.1;140;22.6667;-17.15
i;i30;i90;скумбрия;30.01.2004;28.1;140;22.6667;-17.15
i;i30;i90;ставрида;31.01.2004;71;121;22.2833;-17.3167
i;i30;i90;скумбрия;31.01.2004;14;121;22.2833;-17.3167
i;i30;i90;сардина;31.01.2004;22.7;121;22.2833;-17.3167
i;i30;i90;ставрида;01.02.2004;59.9;113;22.2667;-17.3167
i;i30;i90;скумбрия;01.02.2004;35.6;113;22.2667;-17.3167
i;i30;i90;ставрида;02.02.2004;61.2;150;21.7833;-17.4333
i;i30;i90;скумбрия;02.02.2004;62.8;150;21.7833;-17.4333
i;i30;i90;ставрида;03.02.2004;67.7;160;21.1667;-17.5
i;i30;i90;скумбрия;03.02.2004;47.4;160;21.1667;-17.5
i;i30;i90;ставрида;04.02.2004;55.9;158;21.6167;-17.45
i;i30;i90;скумбрия;04.02.2004;24.1;158;21.6167;-17.45
i;i30;i90;сардина;04.02.2004;20;158;21.6167;-17.45
i;i30;i90;ставрида;05.02.2004;100.8;206;21.1333;-17.5333
i;i30;i90;скумбрия;05.02.2004;8.1;206;21.1333;-17.5333
i;i30;i90;ставрида;06.02.2004;76.5;212;21.15;-17.55
i;i30;i90;скумбрия;06.02.2004;4.2;212;21.15;-17.55
i;i30;i90;сардина;06.02.2004;24.8;212;21.15;-17.55
i;i30;i90;ставрида;07.02.2004;104.6;196;21.1167;-17.5333
i;i30;i90;скумбрия;07.02.2004;7.2;196;21.1167;-17.5333
i;i30;i90;ставрида;08.02.2004;100.1;193;20.9;-17.6333
i;i30;i90;скумбрия;08.02.2004;11.4;193;20.9;-17.6333
i;i30;i90;ставрида;09.02.2004;99.3;213;21.1333;-17.5333
i;i30;i90;скумбрия;09.02.2004;18;213;21.1333;-17.5333
i;i30;i90;ставрида;10.02.2004;66.1;197;21.2833;-17.4833
i;i30;i90;скумбрия;10.02.2004;51.5;197;21.2833;-17.4833
i;i30;i90;ставрида;11.02.2004;122.4;200;21.15;-17.5333
i;i30;i90;скумбрия;11.02.2004;66.4;200;21.15;-17.5333
i;i30;i90;ставрида;17.02.2004;10.2;130;22.35;-17.2833
i;i30;i90;скумбрия;17.02.2004;1.1;130;22.35;-17.2833
i;i30;i90;ставрида;18.02.2004;66.5;180;21.3167;-17.4667
i;i30;i90;скумбрия;18.02.2004;14.1;180;21.3167;-17.4667
i;i30;i90;ставрида;19.02.2004;110;210;21.5333;-17.4667
i;i30;i90;скумбрия;19.02.2004;32;210;21.5333;-17.4667
i;i30;i90;ставрида;20.02.2004;96.8;197;21.5167;-17.4667
i;i30;i90;скумбрия;20.02.2004;37.7;197;21.5167;-17.4667
i;i30;i90;ставрида;21.02.2004;100.9;200;21.5;-17.45
i;i30;i90;скумбрия;21.02.2004;40.2;200;21.5;-17.45
i;i30;i90;ставрида;22.02.2004;52.4;197;22.0167;-17.4
i;i30;i90;скумбрия;22.02.2004;110.4;197;22.0167;-17.4
i;i30;i90;ставрида;23.02.2004;46.6;217;21.5;-17.4667
i;i30;i90;скумбрия;23.02.2004;58.2;217;21.5;-17.4667
i;i30;i90;ставрида;24.02.2004;129;207;21.2667;-17.4833
i;i30;i90;скумбрия;24.02.2004;25;207;21.2667;-17.4833
i;i30;i90;ставрида;25.02.2004;47.1;207;21.1833;-17.5333
i;i30;i90;скумбрия;25.02.2004;45.9;207;21.1833;-17.5333
i;i30;i90;ставрида;26.02.2004;81.9;347;21.2;-17.6167
i;i30;i90;сабля-рыба;26.02.2004;1.3;347;21.2;-17.6167
i;i30;i90;скумбрия;26.02.2004;17.8;347;21.2;-17.6167
i;i30;i90;ставрида;27.02.2004;118.5;333;21.1333;-17.6333
i;i30;i90;скумбрия;27.02.2004;22;333;21.1333;-17.6333
i;i30;i90;ставрида;28.02.2004;110.2;347;21.1833;-17.6333
i;i30;i90;скумбрия;28.02.2004;31.9;347;21.1833;-17.6333
i;i30;i90;ставрида;29.02.2004;74.9;309;21.4167;-17.4833
i;i30;i90;скумбрия;29.02.2004;4.5;309;21.4167;-17.4833
e;e30;e90;скумбрия;24.02.2004;28.86;140;21.6667;-17.4667
e;e30;e90;ставрида;25.02.2004;40.24;160;22.4167;-17.2667
e;e30;e90;скумбрия;25.02.2004;10.01;160;22.4167;-17.2667
e;e30;e90;анчоусы;26.02.2004;5.55;60;22.2;-17.3333
e;e30;e90;скумбрия;22.02.2004;91.68;140;23.1167;-17.0667
e;e30;e90;ставрида;23.02.2004;35;180;22.8333;-17.15
e;e30;e90;скумбрия;23.02.2004;60.06;180;22.8333;-17.15
e;e30;e90;ставрида;24.02.2004;52.84;140;21.6667;-17.4667
a;a1;a90;сардинелла;01.01.2004;16.08;0;18.1667;-16.4667
a;a1;a90;скумбрия;01.01.2004;1.005;0;18.1667;-16.4667
a;a1;a90;сардина;01.01.2004;15.075;0;18.1667;-16.4667
b;b30;b90;сардинелла;01.01.2004;6;10;18.6667;-16.5833
b;b30;b90;анчоусы;01.01.2004;28;10;18.6667;-16.5833
b;b30;b90;сардина;01.01.2004;30;10;18.6667;-16.5833
i;i33;i93;анчоусы;01.01.2004;6.66;50;18.65;-16.6
i;i33;i93;ставрида;01.01.2004;42.18;50;18.65;-16.6
i;i33;i93;прочие  морские рыбы;01.01.2004;3.474;50;18.65;-16.6
i;i33;i93;скумбрия;01.01.2004;14.6;50;18.65;-16.6
f;f30;f90;зубаны;01.01.2004;0.72;53;17.3667;-16.5167
f;f30;f90;сардинелла;01.01.2004;2.316;53;17.3667;-16.5167
f;f30;f90;ставрида;01.01.2004;2.889;53;17.3667;-16.5167
f;f30;f90;скумбрия;01.01.2004;6.777;53;17.3667;-16.5167
f;f30;f90;сардина;01.01.2004;26.291;53;17.3667;-16.5167
i;i36;i96;анчоусы;01.01.2004;5.556;100;20.7333;-17.5833
i;i36;i96;ставрида;01.01.2004;25.2;100;20.7333;-17.5833
i;i36;i96;скумбрия;01.01.2004;24.9;100;20.7333;-17.5833
b;b30;b90;скумбрия;02.01.2004;16;0;19.3333;-16.8
c;c30;c90;сардинелла;01.01.2004;0.243;10;18.5167;-16.3333
c;c30;c90;ставрида;01.01.2004;0.81;10;18.5167;-16.3333
c;c30;c90;карась морской;01.01.2004;0.567;10;18.5167;-16.3333
c;c30;c90;прочие  морские рыбы;01.01.2004;12.223;10;18.5167;-16.3333
c;c30;c90;скумбрия;01.01.2004;0.459;10;18.5167;-16.3333
c;c30;c90;сардина;01.01.2004;15.309;10;18.5167;-16.3333
d;d30;d90;ставрида;02.01.2004;9;0;20.1833;-17.5167
d;d30;d90;скумбрия;02.01.2004;9.9;0;20.1833;-17.5167
d;d30;d90;сардина;02.01.2004;1.59;0;20.1833;-17.5167
a;a1;a90;сардинелла;02.01.2004;1.005;0;17.8833;-16.2667
a;a1;a90;ставрида;02.01.2004;2.01;0;17.8833;-16.2667
a;a1;a90;сардина;02.01.2004;13.065;0;17.8833;-16.2667
b;b30;b90;сардинелла;02.01.2004;3;0;19.3333;-16.8
b;b30;b90;анчоусы;02.01.2004;15;0;19.3333;-16.8
b;b30;b90;ставрида;02.01.2004;2;0;19.3333;-16.8
b;b30;b90;прочие  морские рыбы;02.01.2004;1;0;19.3333;-16.8
b;b30;b90;тунцы крупные;02.01.2004;4;0;19.3333;-16.8
b;b30;b90;сардина;02.01.2004;17;0;19.3333;-16.8
i;i33;i93;анчоусы;02.01.2004;4.995;30;19.1;-16.7
i;i33;i93;ставрида;02.01.2004;26.76;30;19.1;-16.7
i;i33;i93;скумбрия;02.01.2004;6.28;30;19.1;-16.7
f;f30;f90;сардинелла;02.01.2004;10.824;17;16.95;-16.5833
f;f30;f90;ставрида;02.01.2004;1.269;17;16.95;-16.5833
f;f30;f90;скумбрия;02.01.2004;4.833;17;16.95;-16.5833
f;f30;f90;сардина;02.01.2004;38.382;17;16.95;-16.5833
i;i36;i96;анчоусы;02.01.2004;22.224;100;20.7333;-7.6667
i;i36;i96;ставрида;02.01.2004;60.2;100;20.7333;-7.6667
c;c30;c90;сардинелла;02.01.2004;4.32;10;18.4667;-16.3333
c;c30;c90;ставрида;02.01.2004;1.944;10;18.4667;-16.3333
c;c30;c90;карась морской;02.01.2004;0.459;10;18.4667;-16.3333
c;c30;c90;прочие  морские рыбы;02.01.2004;13.334;10;18.4667;-16.3333
c;c30;c90;скумбрия;02.01.2004;0.135;10;18.4667;-16.3333
c;c30;c90;сардина;02.01.2004;10.017;10;18.4667;-16.3333
d;d30;d90;ставрида;03.01.2004;3;0;20.4167;-17.6667
d;d30;d90;скумбрия;03.01.2004;9;0;20.4167;-17.6667
d;d30;d90;сардина;03.01.2004;6;0;20.4167;-17.6667
a;a2;a93;зубаны;03.01.2004;0.27;150;19.1;-16.6833
a;a2;a93;сардинелла;03.01.2004;1.08;150;19.1;-16.6833
a;a2;a93;ставрида;03.01.2004;1.5;150;19.1;-16.6833
a;a2;a93;прочие  морские рыбы;03.01.2004;22.374;150;19.1;-16.6833
a;a2;a93;скумбрия;03.01.2004;12.87;150;19.1;-16.6833
a;a2;a93;тунец полосатый скипджек;03.01.2004;0.9;150;19.1;-16.6833
a;a2;a93;сардина;03.01.2004;12.42;150;19.1;-16.6833
a;a1;a90;ставрида;03.01.2004;1.005;0;18.1667;-16.3333
a;a1;a90;сардина;03.01.2004;38.808;0;18.1667;-16.3333
i;i33;i93;анчоусы;03.01.2004;7.493;16;19.4167;-16.9
i;i33;i93;ставрида;03.01.2004;20.3;16;19.4167;-16.9
i;i33;i93;скумбрия;03.01.2004;10.74;16;19.4167;-16.9
i;i33;i93;сардина;03.01.2004;0.92;16;19.4167;-16.9
f;f30;f90;сардинелла;03.01.2004;2.585;3;16.75;-16.6333
f;f30;f90;ставрида;03.01.2004;3.24;3;16.75;-16.6333
f;f30;f90;скумбрия;03.01.2004;27.307;3;16.75;-16.6333
f;f30;f90;сардина;03.01.2004;31.331;3;16.75;-16.6333
i;i36;i96;анчоусы;03.01.2004;22.224;100;20.5667;-17.5833
i;i36;i96;ставрида;03.01.2004;60.1;100;20.5667;-17.5833
c;c30;c90;сардинелла;03.01.2004;1.512;10;18.4167;-16.3833
c;c30;c90;ставрида;03.01.2004;0.351;10;18.4167;-16.3833
c;c30;c90;прочие  морские рыбы;03.01.2004;14.446;10;18.4167;-16.3833
c;c30;c90;скумбрия;03.01.2004;0.972;10;18.4167;-16.3833
c;c30;c90;сардина;03.01.2004;15.66;10;18.4167;-16.3833
d;d30;d90;сардина;04.01.2004;14.01;0;20.2;-17.6
a;a2;a93;анчоусы;04.01.2004;11.112;100;19.3167;-16.8167
a;a2;a93;ставрида;04.01.2004;8.22;100;19.3167;-16.8167
a;a2;a93;скумбрия;04.01.2004;10.56;100;19.3167;-16.8167
a;a2;a93;сардина;04.01.2004;6.21;100;19.3167;-16.8167
a;a1;a90;ставрида;04.01.2004;2.01;0;19.3;-16.7667
a;a1;a90;скумбрия;04.01.2004;6.03;0;19.3;-16.7667
a;a1;a90;сардина;04.01.2004;26.207;0;19.3;-16.7667
a;a1;a90;тунец пятнистый;04.01.2004;1.005;0;19.3;-16.7667
i;i33;i93;сардинелла;04.01.2004;6.56;5;18.0333;-16.3333
i;i33;i93;анчоусы;04.01.2004;16.65;5;18.0333;-16.3333
i;i33;i93;ставрида;04.01.2004;3.7;5;18.0333;-16.3333
i;i33;i93;скумбрия;04.01.2004;10;5;18.0333;-16.3333
i;i33;i93;сардина;04.01.2004;29.992;5;18.0333;-16.3333
f;f30;f90;зубаны;04.01.2004;0.351;15;16.65;-16.7
f;f30;f90;сардинелла;04.01.2004;0.539;15;16.65;-16.7
f;f30;f90;ставрида;04.01.2004;1.377;15;16.65;-16.7
f;f30;f90;скумбрия;04.01.2004;15.397;15;16.65;-16.7
f;f30;f90;сардина;04.01.2004;16.546;15;16.65;-16.7
i;i36;i96;анчоусы;04.01.2004;27.78;100;20.5167;-17.5667
i;i36;i96;ставрида;04.01.2004;15.86;100;20.5167;-17.5667
i;i36;i96;скумбрия;04.01.2004;35.04;100;20.5167;-17.5667
i;i36;i96;сардина;04.01.2004;19.28;100;20.5167;-17.5667
c;c30;c90;ставрида;04.01.2004;0.567;10;20.6667;-17.4167
c;c30;c90;прочие  морские рыбы;04.01.2004;10.001;10;20.6667;-17.4167
c;c30;c90;скумбрия;04.01.2004;6.21;10;20.6667;-17.4167
c;c30;c90;сардина;04.01.2004;13.392;10;20.6667;-17.4167
d;d30;d90;ставрида;05.01.2004;1.5;0;19.6833;-17.05
d;d30;d90;скумбрия;05.01.2004;0.9;0;19.6833;-17.05
d;d30;d90;сардина;05.01.2004;14.61;0;19.6833;-17.05
a;a2;a93;сардинелла;05.01.2004;13.8;160;19.1167;-16.7333
a;a2;a93;анчоусы;05.01.2004;5.556;160;19.1167;-16.7333
a;a2;a93;ставрида;05.01.2004;8.46;160;19.1167;-16.7333
a;a2;a93;скумбрия;05.01.2004;10.83;160;19.1167;-16.7333
a;a2;a93;тунец полосатый скипджек;05.01.2004;0.72;160;19.1167;-16.7333
a;a1;a90;ставрида;05.01.2004;16.08;0;18.6667;-16.55
a;a1;a90;скумбрия;05.01.2004;9.045;0;18.6667;-16.55
b;b30;b90;сардинелла;05.01.2004;11;10;19.0833;-16.75
b;b30;b90;анчоусы;05.01.2004;6;10;19.0833;-16.75
b;b30;b90;пеламида;05.01.2004;1;10;19.0833;-16.75
b;b30;b90;ставрида;05.01.2004;2;10;19.0833;-16.75
b;b30;b90;карась морской;05.01.2004;1;10;19.0833;-16.75
b;b30;b90;скумбрия;05.01.2004;5;10;19.0833;-16.75
i;i33;i93;сардинелла;05.01.2004;9.86;5;16.75;-16.7667
i;i33;i93;анчоусы;05.01.2004;24.143;5;16.75;-16.7667
i;i33;i93;ставрида;05.01.2004;0.66;5;16.75;-16.7667
i;i33;i93;скумбрия;05.01.2004;12.6;5;16.75;-16.7667
i;i33;i93;сардина;05.01.2004;36.018;5;16.75;-16.7667
i;i33;i93;сардинелла;06.01.2004;19.964;41;17.0167;-16.8
f;f30;f90;сардинелла;05.01.2004;8.455;5;16.75;-16.6333
f;f30;f90;ставрида;05.01.2004;2.106;5;16.75;-16.6333
f;f30;f90;скумбрия;05.01.2004;22.473;5;16.75;-16.6333
f;f30;f90;сардина;05.01.2004;24.829;5;16.75;-16.6333
i;i36;i96;анчоусы;05.01.2004;27.78;100;20.6667;-17.5833
i;i36;i96;скумбрия;05.01.2004;59.6;100;20.6667;-17.5833
i;i36;i96;сардина;05.01.2004;20.5;100;20.6667;-17.5833
c;c30;c90;ставрида;05.01.2004;0.378;10;20.4;-17.65
c;c30;c90;прочие  морские рыбы;05.01.2004;10.001;10;20.4;-17.65
c;c30;c90;скумбрия;05.01.2004;3.024;10;20.4;-17.65
c;c30;c90;тунцы малые;05.01.2004;0.216;10;20.4;-17.65
c;c30;c90;сардина;05.01.2004;18.9;10;20.4;-17.65
i;i33;i93;анчоусы;06.01.2004;9.969;41;17.0167;-16.8
i;i33;i93;ставрида;06.01.2004;13.7;41;17.0167;-16.8
i;i33;i93;скумбрия;06.01.2004;0.94;41;17.0167;-16.8
i;i33;i93;сардина;06.01.2004;30.015;41;17.0167;-16.8
f;f30;f90;сардинелла;06.01.2004;11.847;8;16.1;-16.75
f;f30;f90;скумбрия;06.01.2004;29.35;8;16.1;-16.75
f;f30;f90;сардина;06.01.2004;25.358;8;16.1;-16.75
i;i36;i96;анчоусы;06.01.2004;25.219;100;20.75;-17.6167
i;i36;i96;ставрида;06.01.2004;4.2;100;20.75;-17.6167
i;i36;i96;скумбрия;06.01.2004;78.423;100;20.75;-17.6167
c;c30;c90;ставрида;06.01.2004;0.567;10;20.5167;-17.5
c;c30;c90;прочие  морские рыбы;06.01.2004;11.112;10;20.5167;-17.5
c;c30;c90;скумбрия;06.01.2004;3.753;10;20.5167;-17.5
c;c30;c90;сардина;06.01.2004;18.333;10;20.5167;-17.5
d;d30;d90;ставрида;06.01.2004;17.85;0;18.9167;-16.6333
d;d30;d90;скумбрия;06.01.2004;3.6;0;18.9167;-16.6333
d;d30;d90;сардина;06.01.2004;3;0;18.9167;-16.6333
a;a2;a93;сардинелла;06.01.2004;0.72;50;19.1167;-16.7333
a;a2;a93;анчоусы;06.01.2004;5.556;50;19.1167;-16.7333
a;a2;a93;ставрида;06.01.2004;9.66;50;19.1167;-16.7333
a;a2;a93;скумбрия;06.01.2004;18.99;50;19.1167;-16.7333
a;a2;a93;тунец полосатый скипджек;06.01.2004;1.38;50;19.1167;-16.7333
a;a1;a90;ставрида;06.01.2004;2.551;0;19.0667;-16.6667
a;a1;a90;скумбрия;06.01.2004;19.095;0;19.0667;-16.6667
a;a1;a90;тунец пятнистый;06.01.2004;1.005;0;19.0667;-16.6667
b;b30;b90;сардинелла;06.01.2004;2;10;19;-16.8333
b;b30;b90;анчоусы;06.01.2004;17;10;19;-16.8333
b;b30;b90;ставрида;06.01.2004;1;10;19;-16.8333
b;b30;b90;скумбрия;06.01.2004;6;10;19;-16.8333
b;b30;b90;сардина;06.01.2004;26;10;19;-16.8333
d;d30;d90;анчоусы;07.01.2004;5.556;0;18.9667;-16.6167
d;d30;d90;ставрида;07.01.2004;15.15;0;18.9667;-16.6167
d;d30;d90;скумбрия;07.01.2004;3.15;0;18.9667;-16.6167
a;a2;a93;ставрида;07.01.2004;15.27;100;18.5667;-16.5167
a;a2;a93;скумбрия;07.01.2004;4.44;100;18.5667;-16.5167
a;a2;a93;тунец полосатый скипджек;07.01.2004;1.59;100;18.5667;-16.5167
a;a1;a90;сардинелла;07.01.2004;5.18;0;18.65;-16.5
a;a1;a90;ставрида;07.01.2004;2.01;0;18.65;-16.5
a;a1;a90;скумбрия;07.01.2004;18.245;0;18.65;-16.5
a;a1;a90;тунец пятнистый;07.01.2004;3.015;0;18.65;-16.5
i;i33;i93;сардинелла;07.01.2004;18.598;5;17.2;-16.4667
i;i33;i93;анчоусы;07.01.2004;3.332;5;17.2;-16.4667
i;i33;i93;ставрида;07.01.2004;64.9;5;17.2;-16.4667
i;i33;i93;скумбрия;07.01.2004;4.04;5;17.2;-16.4667
f;f30;f90;сардинелла;07.01.2004;7.539;5;16.1;-16.7333
f;f30;f90;скумбрия;07.01.2004;24.666;5;16.1;-16.7333
f;f30;f90;сардина;07.01.2004;31.3;5;16.1;-16.7333
i;i36;i96;анчоусы;07.01.2004;26.452;100;20.75;-17.6167
i;i36;i96;ставрида;07.01.2004;26.68;100;20.75;-17.6167
i;i36;i96;скумбрия;07.01.2004;59.746;100;20.75;-17.6167
c;c30;c90;ставрида;07.01.2004;0.081;10;20.4167;-17.5167
c;c30;c90;прочие  морские рыбы;07.01.2004;8.001;10;20.4167;-17.5167
c;c30;c90;скумбрия;07.01.2004;0.702;10;20.4167;-17.5167
c;c30;c90;сардина;07.01.2004;5.967;10;20.4167;-17.5167
i;i33;i93;сардинелла;08.01.2004;25.346;14;17.2667;-16.6333
i;i33;i93;анчоусы;08.01.2004;8.742;14;17.2667;-16.6333
i;i33;i93;ставрида;08.01.2004;18.76;14;17.2667;-16.6333
i;i33;i93;скумбрия;08.01.2004;43.412;14;17.2667;-16.6333
i;i33;i93;тунцы малые;08.01.2004;1.17;14;17.2667;-16.6333
d;d30;d90;ставрида;08.01.2004;8.85;0;18.4167;-16.5
d;d30;d90;скумбрия;08.01.2004;5.76;0;18.4167;-16.5
a;a2;a93;сардинелла;08.01.2004;0.48;70;18.9833;-16.6833
a;a2;a93;ставрида;08.01.2004;5.73;70;18.9833;-16.6833
a;a2;a93;прочие  морские рыбы;08.01.2004;5.556;70;18.9833;-16.6833
a;a2;a93;скумбрия;08.01.2004;9.75;70;18.9833;-16.6833
a;a2;a93;тунец полосатый скипджек;08.01.2004;0.57;70;18.9833;-16.6833
a;a1;a90;ставрида;08.01.2004;12.84;0;18.3333;-16.45
a;a1;a90;скумбрия;08.01.2004;7.338;0;18.3333;-16.45
a;a1;a90;тунец пятнистый;08.01.2004;1.005;0;18.3333;-16.45
b;b33;b93;ставрида;08.01.2004;3;5;20.0167;-17.5167
b;b33;b93;скумбрия;08.01.2004;2;5;20.0167;-17.5167
b;b33;b93;сардинопс;08.01.2004;5;5;20.0167;-17.5167
b;b30;b90;анчоусы;08.01.2004;11;100;19.9333;-17.4667
b;b30;b90;ставрида;08.01.2004;8;100;19.9333;-17.4667
b;b30;b90;скумбрия;08.01.2004;13;100;19.9333;-17.4667
b;b30;b90;тунцы крупные;08.01.2004;4;100;19.9333;-17.4667
b;b30;b90;сардина;08.01.2004;25;100;19.9333;-17.4667
f;f30;f90;скумбрия;08.01.2004;17.042;5;16.2833;-16.7333
f;f30;f90;сардина;08.01.2004;81.565;5;16.2833;-16.7333
i;i36;i96;анчоусы;08.01.2004;22.135;100;20.6167;-17.6667
i;i36;i96;скумбрия;08.01.2004;90.743;100;20.6167;-17.6667
d;d30;d90;анчоусы;09.01.2004;5.556;0;20.1333;-17.5833
d;d30;d90;ставрида;09.01.2004;3.6;0;20.1333;-17.5833
d;d30;d90;скумбрия;09.01.2004;4.65;0;20.1333;-17.5833
d;d30;d90;сардина;09.01.2004;4.17;0;20.1333;-17.5833
a;a2;a93;зубаны;09.01.2004;0.135;35;20.2333;-17.5833
a;a2;a93;сардинелла;09.01.2004;0.57;35;20.2333;-17.5833
a;a2;a93;ставрида;09.01.2004;5.13;35;20.2333;-17.5833
a;a2;a93;прочие  морские рыбы;09.01.2004;16.668;35;20.2333;-17.5833
a;a2;a93;скумбрия;09.01.2004;2.85;35;20.2333;-17.5833
a;a2;a93;тунец полосатый скипджек;09.01.2004;0.12;35;20.2333;-17.5833
a;a2;a93;сардина;09.01.2004;3.09;35;20.2333;-17.5833
a;a1;a90;ставрида;09.01.2004;7.638;0;17.2167;-16.45
a;a1;a90;скумбрия;09.01.2004;5.025;0;17.2167;-16.45
a;a1;a90;сардина;09.01.2004;19.883;0;17.2167;-16.45
b;b33;b93;анчоусы;09.01.2004;5.556;10;20;-17.4833
b;b33;b93;ставрида;09.01.2004;5;10;20;-17.4833
b;b33;b93;скумбрия;09.01.2004;10;10;20;-17.4833
b;b30;b90;анчоусы;09.01.2004;22;110;19.9333;-17.45
b;b30;b90;ставрида;09.01.2004;8;110;19.9333;-17.45
b;b30;b90;скумбрия;09.01.2004;22;110;19.9333;-17.45
b;b30;b90;сардина;09.01.2004;25;110;19.9333;-17.45
i;i33;i93;анчоусы;09.01.2004;6.408;29;17.25;-16.6667
i;i33;i93;ставрида;09.01.2004;17.7;29;17.25;-16.6667
i;i33;i93;скумбрия;09.01.2004;32.59;29;17.25;-16.6667
i;i33;i93;сардина;09.01.2004;15.134;29;17.25;-16.6667
f;f30;f90;сардина;09.01.2004;25.912;5;16.4167;-16.7167
i;i36;i96;анчоусы;09.01.2004;32.78;100;20.0167;-17.6667
i;i36;i96;хек (мерлуза);09.01.2004;0.595;100;20.0167;-17.6667
i;i36;i96;берикс;09.01.2004;0.63;100;20.0167;-17.6667
i;i36;i96;ставрида;09.01.2004;26.96;100;20.0167;-17.6667
i;i36;i96;скумбрия;09.01.2004;27.774;100;20.0167;-17.6667
c;c30;c90;прочие  морские рыбы;09.01.2004;4.445;10;20.7;-17.4
b;b33;b93;скумбрия;10.01.2004;3;5;20.05;-17.5833
c;c30;c90;скумбрия;09.01.2004;1.404;10;20.7;-17.4
c;c30;c90;сардина;09.01.2004;8.478;10;20.7;-17.4
d;d30;d90;анчоусы;10.01.2004;11.112;0;20.75;-17.4667
d;d30;d90;ставрида;10.01.2004;1.74;0;20.75;-17.4667
d;d30;d90;скумбрия;10.01.2004;8.79;0;20.75;-17.4667
d;d30;d90;сардина;10.01.2004;0.99;0;20.75;-17.4667
a;a2;a93;анчоусы;10.01.2004;16.668;40;19.9167;-17.4667
a;a2;a93;ставрида;10.01.2004;1.68;40;19.9167;-17.4667
a;a2;a93;прочие  морские рыбы;10.01.2004;0.15;40;19.9167;-17.4667
a;a2;a93;скумбрия;10.01.2004;8.94;40;19.9167;-17.4667
a;a2;a93;тунец полосатый скипджек;10.01.2004;0.99;40;19.9167;-17.4667
a;a2;a93;сардина;10.01.2004;4.41;40;19.9167;-17.4667
a;a1;a90;ставрида;10.01.2004;3.015;0;18.8667;-16.6167
a;a1;a90;скумбрия;10.01.2004;3.015;0;18.8667;-16.6167
a;a1;a90;сардина;10.01.2004;8.581;0;18.8667;-16.6167
b;b33;b93;анчоусы;10.01.2004;5.556;5;20.05;-17.5833
b;b33;b93;пеламида;10.01.2004;1;5;20.05;-17.5833
b;b33;b93;ставрида;10.01.2004;1;5;20.05;-17.5833
b;b30;b90;анчоусы;10.01.2004;23;100;20.1333;-17.4667
b;b30;b90;ставрида;10.01.2004;7;100;20.1333;-17.4667
b;b30;b90;скумбрия;10.01.2004;38;100;20.1333;-17.4667
b;b30;b90;тунцы крупные;10.01.2004;1;100;20.1333;-17.4667
b;b30;b90;сардина;10.01.2004;8;100;20.1333;-17.4667
b;b30;b90;кефаль;10.01.2004;1;100;20.1333;-17.4667
i;i33;i93;сардинелла;10.01.2004;11.98;16;17.05;-16.7667
i;i33;i93;анчоусы;10.01.2004;14.452;16;17.05;-16.7667
i;i33;i93;ставрида;10.01.2004;17.66;16;17.05;-16.7667
i;i33;i93;скумбрия;10.01.2004;48.078;16;17.05;-16.7667
f;f30;f90;ставрида;10.01.2004;0.972;5;17.0333;-16.5333
f;f30;f90;скумбрия;10.01.2004;13.954;5;17.0333;-16.5333
f;f30;f90;сардина;10.01.2004;31.119;5;17.0333;-16.5333
i;i36;i96;анчоусы;10.01.2004;21.868;100;20.0833;-17.6167
i;i36;i96;ставрида;10.01.2004;36.06;100;20.0833;-17.6167
b;b30;b90;анчоусы;11.01.2004;11;90;20.0833;-17.5833
i;i36;i96;скумбрия;10.01.2004;12.9;100;20.0833;-17.6167
i;i36;i96;тунцы малые;10.01.2004;1.49;100;20.0833;-17.6167
c;c30;c90;ставрида;10.01.2004;2.349;10;20.7333;-17.5167
c;c30;c90;прочие  морские рыбы;10.01.2004;13.334;10;20.7333;-17.5167
c;c30;c90;скумбрия;10.01.2004;8.37;10;20.7333;-17.5167
c;c30;c90;сардина;10.01.2004;13.635;10;20.7333;-17.5167
a;a2;a93;анчоусы;11.01.2004;27.78;100;20.0167;-17.4833
a;a2;a93;ставрида;11.01.2004;2.34;100;20.0167;-17.4833
a;a2;a93;скумбрия;11.01.2004;3.18;100;20.0167;-17.4833
a;a1;a90;ставрида;11.01.2004;3.015;0;18.8667;-16.6167
a;a1;a90;скумбрия;11.01.2004;5.025;0;18.8667;-16.6167
a;a1;a90;сардина;11.01.2004;44.374;0;18.8667;-16.6167
b;b33;b93;анчоусы;11.01.2004;5.556;0;20.0667;-17.45
b;b33;b93;пеламида;11.01.2004;1;0;20.0667;-17.45
b;b33;b93;ставрида;11.01.2004;7;0;20.0667;-17.45
b;b33;b93;скумбрия;11.01.2004;7;0;20.0667;-17.45
b;b30;b90;пеламида;11.01.2004;1;90;20.0833;-17.5833
b;b30;b90;ставрида;11.01.2004;1;90;20.0833;-17.5833
b;b30;b90;прочие  морские рыбы;11.01.2004;2;90;20.0833;-17.5833
b;b30;b90;скумбрия;11.01.2004;30;90;20.0833;-17.5833
b;b30;b90;сардина;11.01.2004;25;90;20.0833;-17.5833
b;b30;b90;кефаль;11.01.2004;1;90;20.0833;-17.5833
i;i33;i93;сардинелла;11.01.2004;11.88;5;17.8;-16.45
i;i33;i93;анчоусы;11.01.2004;22.478;5;17.8;-16.45
i;i33;i93;ставрида;11.01.2004;10.06;5;17.8;-16.45
i;i33;i93;скумбрия;11.01.2004;19.08;5;17.8;-16.45
i;i33;i93;сардина;11.01.2004;16.514;5;17.8;-16.45
f;f30;f90;сардинелла;11.01.2004;14.15;89;17.5;-16.55
f;f30;f90;ставрида;11.01.2004;2.322;89;17.5;-16.55
f;f30;f90;скумбрия;11.01.2004;19.623;89;17.5;-16.55
f;f30;f90;сардина;11.01.2004;36.909;89;17.5;-16.55
i;i36;i96;анчоусы;11.01.2004;8.878;100;20.4;-17.6
i;i36;i96;ставрида;11.01.2004;35.98;100;20.4;-17.6
i;i36;i96;скумбрия;11.01.2004;16.33;100;20.4;-17.6
c;c30;c90;сардинелла;11.01.2004;3.753;10;20.7667;-17.1
c;c30;c90;ставрида;11.01.2004;3.645;10;20.7667;-17.1
c;c30;c90;прочие  морские рыбы;11.01.2004;11.112;10;20.7667;-17.1
c;c30;c90;скумбрия;11.01.2004;5.346;10;20.7667;-17.1
c;c30;c90;сардина;11.01.2004;10.584;10;20.7667;-17.1
a;a2;a93;зубаны;12.01.2004;0.027;100;19.8833;-17.4333
a;a2;a93;анчоусы;12.01.2004;27.78;100;19.8833;-17.4333
a;a2;a93;ставрида;12.01.2004;2.91;100;19.8833;-17.4333
a;a2;a93;скумбрия;12.01.2004;4.74;100;19.8833;-17.4333
a;a2;a93;тунец полосатый скипджек;12.01.2004;0.15;100;19.8833;-17.4333
a;a2;a93;сардина;12.01.2004;3.54;100;19.8833;-17.4333
a;a1;a90;ставрида;12.01.2004;1.005;0;18.95;-16.6667
a;a1;a90;скумбрия;12.01.2004;2.01;0;18.95;-16.6667
a;a1;a90;сардина;12.01.2004;36.257;0;18.95;-16.6667
b;b33;b93;анчоусы;12.01.2004;5.556;80;19.9833;-17.4667
b;b33;b93;ставрида;12.01.2004;2;80;19.9833;-17.4667
b;b33;b93;скумбрия;12.01.2004;11;80;19.9833;-17.4667
b;b33;b93;сардинопс;12.01.2004;7;80;19.9833;-17.4667
b;b30;b90;анчоусы;12.01.2004;22;100;20.1667;-17.5
b;b30;b90;ставрида;12.01.2004;7;100;20.1667;-17.5
b;b30;b90;скумбрия;12.01.2004;46;100;20.1667;-17.5
b;b30;b90;сардина;12.01.2004;6;100;20.1667;-17.5
b;b30;b90;кефаль;12.01.2004;1;100;20.1667;-17.5
i;i33;i93;сардинелла;12.01.2004;13.16;23;17.7333;-16.5
i;i33;i93;анчоусы;12.01.2004;22.478;23;17.7333;-16.5
i;i33;i93;ставрида;12.01.2004;18.48;23;17.7333;-16.5
i;i33;i93;скумбрия;12.01.2004;35.18;23;17.7333;-16.5
i;i33;i93;сардина;12.01.2004;6.693;23;17.7333;-16.5
f;f30;f90;сардинелла;12.01.2004;22.167;53;17.25;-16.7
f;f30;f90;ставрида;12.01.2004;5.454;53;17.25;-16.7
a;a2;a93;скумбрия;13.01.2004;2.37;150;19.1333;-16.6667
f;f30;f90;скумбрия;12.01.2004;11.004;53;17.25;-16.7
f;f30;f90;сардина;12.01.2004;31.419;53;17.25;-16.7
i;i36;i96;анчоусы;12.01.2004;27.324;100;20.6167;-17.5
i;i36;i96;скумбрия;12.01.2004;50.574;100;20.6167;-17.5
c;c30;c90;ставрида;12.01.2004;2.376;10;20.7333;-17.3
c;c30;c90;карась морской;12.01.2004;1.323;10;20.7333;-17.3
c;c30;c90;прочие  морские рыбы;12.01.2004;8.89;10;20.7333;-17.3
c;c30;c90;скумбрия;12.01.2004;0.405;10;20.7333;-17.3
c;c30;c90;сардина;12.01.2004;2.997;10;20.7333;-17.3
d;d30;d90;анчоусы;13.01.2004;5.556;0;19.8167;-17.25
d;d30;d90;ставрида;13.01.2004;7.38;0;19.8167;-17.25
d;d30;d90;сардина;13.01.2004;6;0;19.8167;-17.25
a;a2;a93;анчоусы;13.01.2004;27.78;150;19.1333;-16.6667
a;a2;a93;ставрида;13.01.2004;1.23;150;19.1333;-16.6667
a;a2;a93;сардина;13.01.2004;6.51;150;19.1333;-16.6667
a;a1;a90;ставрида;13.01.2004;2.01;0;19;-16.6667
a;a1;a90;скумбрия;13.01.2004;1.005;0;19;-16.6667
a;a1;a90;сардина;13.01.2004;55.429;0;19;-16.6667
b;b33;b93;анчоусы;13.01.2004;5.556;0;20.1667;-17.45
b;b33;b93;ставрида;13.01.2004;6;0;20.1667;-17.45
b;b33;b93;скумбрия;13.01.2004;1;0;20.1667;-17.45
b;b33;b93;сардина;13.01.2004;8;0;20.1667;-17.45
b;b30;b90;анчоусы;13.01.2004;11;100;20.25;-17.6667
b;b30;b90;ставрида;13.01.2004;2;100;20.25;-17.6667
b;b30;b90;прочие  морские рыбы;13.01.2004;1;100;20.25;-17.6667
b;b30;b90;скумбрия;13.01.2004;45;100;20.25;-17.6667
b;b30;b90;сардина;13.01.2004;12;100;20.25;-17.6667
i;i33;i93;сардинелла;13.01.2004;7.48;32;18.25;-16.4833
i;i33;i93;анчоусы;13.01.2004;20.59;32;18.25;-16.4833
i;i33;i93;ставрида;13.01.2004;26.9;32;18.25;-16.4833
i;i33;i93;скумбрия;13.01.2004;21.643;32;18.25;-16.4833
i;i33;i93;сардина;13.01.2004;0.69;32;18.25;-16.4833
i;i33;i93;ставрида;14.01.2004;7.32;27;18.25;-16.4667
f;f30;f90;сардинелла;13.01.2004;9.77;5;18.0667;-16.3833
f;f30;f90;ставрида;13.01.2004;3.294;5;18.0667;-16.3833
f;f30;f90;скумбрия;13.01.2004;1.545;5;18.0667;-16.3833
f;f30;f90;сардина;13.01.2004;64.197;5;18.0667;-16.3833
i;i36;i96;анчоусы;13.01.2004;26.88;100;20.6667;-17.55
i;i36;i96;ставрида;13.01.2004;3.06;100;20.6667;-17.55
i;i36;i96;скумбрия;13.01.2004;36.759;100;20.6667;-17.55
i;i36;i96;сардина;13.01.2004;11.14;100;20.6667;-17.55
c;c30;c90;сардинелла;13.01.2004;0.297;10;19.4;-16.8167
c;c30;c90;карась морской;13.01.2004;0.351;10;19.4;-16.8167
c;c30;c90;прочие  морские рыбы;13.01.2004;12.223;10;19.4;-16.8167
c;c30;c90;скумбрия;13.01.2004;0.729;10;19.4;-16.8167
c;c30;c90;сардина;13.01.2004;11.961;10;19.4;-16.8167
d;d30;d90;анчоусы;14.01.2004;5.556;0;20.7;-17.5833
d;d30;d90;ставрида;14.01.2004;6.69;0;20.7;-17.5833
d;d30;d90;скумбрия;14.01.2004;1.41;0;20.7;-17.5833
d;d30;d90;сардина;14.01.2004;3.42;0;20.7;-17.5833
a;a2;a93;сардинелла;14.01.2004;4.05;50;18.7667;-16.6667
a;a2;a93;анчоусы;14.01.2004;16.668;50;18.7667;-16.6667
a;a2;a93;ставрида;14.01.2004;9.15;50;18.7667;-16.6667
a;a2;a93;скумбрия;14.01.2004;0.81;50;18.7667;-16.6667
a;a2;a93;сардина;14.01.2004;11.73;50;18.7667;-16.6667
a;a1;a90;сардина;14.01.2004;65.48;0;19;-16.6667
b;b33;b93;анчоусы;14.01.2004;5.556;80;20.3667;-17.5
b;b33;b93;скумбрия;14.01.2004;4;80;20.3667;-17.5
b;b33;b93;сардина;14.01.2004;6;80;20.3667;-17.5
b;b30;b90;анчоусы;14.01.2004;23;90;20.5333;-17.6333
b;b30;b90;скумбрия;14.01.2004;33;90;20.5333;-17.6333
b;b30;b90;сардина;14.01.2004;25;90;20.5333;-17.6333
i;i33;i93;анчоусы;14.01.2004;21.592;27;18.25;-16.4667
d;d30;d90;хек (мерлуза);16.01.2004;1.5;0;20.6667;-17.6667
i;i33;i93;прочие  морские рыбы;14.01.2004;1.458;27;18.25;-16.4667
i;i33;i93;скумбрия;14.01.2004;14.318;27;18.25;-16.4667
i;i33;i93;сардина;14.01.2004;32.039;27;18.25;-16.4667
f;f30;f90;сардинелла;14.01.2004;8.296;5;17.9833;-16.3333
f;f30;f90;ставрида;14.01.2004;1.161;5;17.9833;-16.3333
f;f30;f90;скумбрия;14.01.2004;1.188;5;17.9833;-16.3333
f;f30;f90;сардина;14.01.2004;37.931;5;17.9833;-16.3333
i;i36;i96;анчоусы;14.01.2004;35.57;100;20.7333;-17.6667
i;i36;i96;ставрида;14.01.2004;7.02;100;20.7333;-17.6667
i;i36;i96;скумбрия;14.01.2004;66.68;100;20.7333;-17.6667
c;c30;c90;ставрида;14.01.2004;1.215;10;18.8833;-16.4333
c;c30;c90;прочие  морские рыбы;14.01.2004;1.111;10;18.8833;-16.4333
c;c30;c90;скумбрия;14.01.2004;0.486;10;18.8833;-16.4333
c;c30;c90;сардина;14.01.2004;15.309;10;18.8833;-16.4333
d;d30;d90;анчоусы;15.01.2004;11.112;0;20.6833;-17.7167
d;d30;d90;ставрида;15.01.2004;3.3;0;20.6833;-17.7167
d;d30;d90;скумбрия;15.01.2004;6.57;0;20.6833;-17.7167
d;d30;d90;сардина;15.01.2004;8.43;0;20.6833;-17.7167
a;a2;a93;зубаны;15.01.2004;0.054;50;18.7833;-16.4667
a;a2;a93;сардинелла;15.01.2004;0.6;50;18.7833;-16.4667
a;a2;a93;анчоусы;15.01.2004;11.112;50;18.7833;-16.4667
a;a2;a93;ставрида;15.01.2004;15.57;50;18.7833;-16.4667
a;a2;a93;скумбрия;15.01.2004;0.78;50;18.7833;-16.4667
a;a2;a93;сардина;15.01.2004;12.3;50;18.7833;-16.4667
a;a1;a90;ставрида;15.01.2004;2.01;0;18.8833;-16.45
a;a1;a90;скумбрия;15.01.2004;2.01;0;18.8833;-16.45
a;a1;a90;сардина;15.01.2004;46.307;0;18.8833;-16.45
b;b33;b93;анчоусы;15.01.2004;11.112;83;19.9667;-17.45
b;b33;b93;ставрида;15.01.2004;1;83;19.9667;-17.45
b;b33;b93;скумбрия;15.01.2004;15;83;19.9667;-17.45
b;b33;b93;сардина;15.01.2004;4;83;19.9667;-17.45
i;i33;i93;сардинелла;15.01.2004;2.04;16;18.8333;-16.7333
i;i33;i93;анчоусы;15.01.2004;21.645;16;18.8333;-16.7333
i;i33;i93;ставрида;15.01.2004;56.92;16;18.8333;-16.7333
i;i33;i93;скумбрия;15.01.2004;12.42;16;18.8333;-16.7333
f;f30;f90;сардинелла;15.01.2004;7.454;29;18.2833;-16.4833
f;f30;f90;ставрида;15.01.2004;2.646;29;18.2833;-16.4833
f;f30;f90;сардина;15.01.2004;36.686;29;18.2833;-16.4833
i;i36;i96;анчоусы;15.01.2004;38.892;100;20.5833;-17.5833
i;i36;i96;ставрида;15.01.2004;51.24;100;20.5833;-17.5833
i;i36;i96;скумбрия;15.01.2004;18.94;100;20.5833;-17.5833
c;c30;c90;ставрида;15.01.2004;2.349;10;18.6;-16.4167
c;c30;c90;прочие  морские рыбы;15.01.2004;12.223;10;18.6;-16.4167
c;c30;c90;скумбрия;15.01.2004;4.887;10;18.6;-16.4167
c;c30;c90;сардина;15.01.2004;16.281;10;18.6;-16.4167
d;d30;d90;ставрида;16.01.2004;9.45;0;20.6667;-17.6667
d;d30;d90;скумбрия;16.01.2004;3.39;0;20.6667;-17.6667
a;a2;a93;анчоусы;16.01.2004;22.224;150;18.65;-16.6333
a;a2;a93;ставрида;16.01.2004;4.68;150;18.65;-16.6333
a;a2;a93;скумбрия;16.01.2004;1.47;150;18.65;-16.6333
a;a2;a93;сардина;16.01.2004;25.86;150;18.65;-16.6333
a;a1;a90;сардина;16.01.2004;35.717;0;18.1667;-16.4333
b;b33;b93;анчоусы;16.01.2004;16.668;80;20.0667;-17.5
b;b33;b93;ставрида;16.01.2004;2;80;20.0667;-17.5
b;b33;b93;скумбрия;16.01.2004;3;80;20.0667;-17.5
b;b33;b93;сардина;16.01.2004;15;80;20.0667;-17.5
b;b30;b90;анчоусы;16.01.2004;22;120;19.1667;-16.75
b;b30;b90;сомы морские;16.01.2004;3;120;19.1667;-16.75
b;b30;b90;ставрида;16.01.2004;9;120;19.1667;-16.75
b;b30;b90;скумбрия;16.01.2004;12;120;19.1667;-16.75
b;b30;b90;сардина;16.01.2004;11;120;19.1667;-16.75
i;i33;i93;анчоусы;16.01.2004;34.965;37;19.0667;-16.8
i;i33;i93;ставрида;16.01.2004;63.06;37;19.0667;-16.8
i;i33;i93;скумбрия;16.01.2004;6.76;37;19.0667;-16.8
f;f30;f90;ставрида;16.01.2004;3.699;23;16.9667;-16.75
f;f30;f90;скумбрия;16.01.2004;2.88;23;16.9667;-16.75
f;f30;f90;сардина;16.01.2004;70.31;23;16.9667;-16.75
i;i36;i96;анчоусы;16.01.2004;5.556;100;20.7333;-17.6833
i;i36;i96;ставрида;16.01.2004;70.16;100;20.7333;-17.6833
c;c30;c90;сардинелла;16.01.2004;0.513;10;18.4;-16.4333
c;c30;c90;ставрида;16.01.2004;12.042;10;18.4;-16.4333
c;c30;c90;прочие  морские рыбы;16.01.2004;8.89;10;18.4;-16.4333
c;c30;c90;скумбрия;16.01.2004;5.346;10;18.4;-16.4333
c;c30;c90;сардина;16.01.2004;1.377;10;18.4;-16.4333
d;d30;d90;хек (мерлуза);17.01.2004;1.5;0;20.3667;-17.6667
d;d30;d90;ставрида;17.01.2004;15.35;0;20.3667;-17.6667
d;d30;d90;скумбрия;17.01.2004;0.9;0;20.3667;-17.6667
a;a2;a93;анчоусы;17.01.2004;0.556;50;19.0167;-16.75
a;a2;a93;ставрида;17.01.2004;5.37;50;19.0167;-16.75
a;a2;a93;скумбрия;17.01.2004;2.34;50;19.0167;-16.75
a;a2;a93;сардина;17.01.2004;5.97;50;19.0167;-16.75
a;a1;a90;ставрида;17.01.2004;2.01;0;18.95;-16.7
a;a1;a90;сардина;17.01.2004;5.025;0;18.95;-16.7
b;b33;b93;анчоусы;17.01.2004;16.668;80;19.6;-17.0333
b;b33;b93;скумбрия;17.01.2004;1;80;19.6;-17.0333
b;b33;b93;сардина;17.01.2004;10;80;19.6;-17.0333
b;b30;b90;анчоусы;17.01.2004;6;160;19.5;-17.0167
b;b30;b90;ставрида;17.01.2004;26;160;19.5;-17.0167
b;b30;b90;скумбрия;17.01.2004;1;160;19.5;-17.0167
i;i33;i93;сардинелла;17.01.2004;23.9;92;18.5833;-16.6167
i;i33;i93;анчоусы;17.01.2004;38.961;92;18.5833;-16.6167
i;i33;i93;ставрида;17.01.2004;37.98;92;18.5833;-16.6167
i;i33;i93;прочие  морские рыбы;17.01.2004;2.124;92;18.5833;-16.6167
i;i33;i93;скумбрия;17.01.2004;6.58;92;18.5833;-16.6167
f;f30;f90;ставрида;17.01.2004;2.7;78;17.4667;-16.35
f;f30;f90;скумбрия;17.01.2004;3.651;78;17.4667;-16.35
f;f30;f90;сардина;17.01.2004;64.064;78;17.4667;-16.35
i;i36;i96;анчоусы;17.01.2004;11.112;100;20.6833;-17.7167
i;i36;i96;ставрида;17.01.2004;80.02;100;20.6833;-17.7167
c;c30;c90;сардинелла;17.01.2004;0.972;10;18.3;-16.2833
c;c30;c90;ставрида;17.01.2004;18.684;10;18.3;-16.2833
c;c30;c90;прочие  морские рыбы;17.01.2004;11.112;10;18.3;-16.2833
c;c30;c90;скумбрия;17.01.2004;1.998;10;18.3;-16.2833
c;c30;c90;сардина;17.01.2004;2.754;10;18.3;-16.2833
d;d30;d90;анчоусы;18.01.2004;11.112;0;19;-16.6667
d;d30;d90;хек (мерлуза);18.01.2004;0.39;0;19;-16.6667
d;d30;d90;ставрида;18.01.2004;10.02;0;19;-16.6667
d;d30;d90;скумбрия;18.01.2004;2.61;0;19;-16.6667
a;a2;a93;зубаны;18.01.2004;0.027;140;19.1;-16.6833
a;a2;a93;сардинелла;18.01.2004;17.85;140;19.1;-16.6833
a;a2;a93;анчоусы;18.01.2004;22.223;140;19.1;-16.6833
a;a2;a93;ставрида;18.01.2004;5.79;140;19.1;-16.6833
a;a2;a93;скумбрия;18.01.2004;1.11;140;19.1;-16.6833
a;a2;a93;сардина;18.01.2004;6;140;19.1;-16.6833
a;a1;a90;сардинелла;18.01.2004;4.248;0;18.9833;-16.6333
a;a1;a90;ставрида;18.01.2004;9.045;0;18.9833;-16.6333
a;a1;a90;скумбрия;18.01.2004;3.015;0;18.9833;-16.6333
a;a1;a90;сардина;18.01.2004;28.294;0;18.9833;-16.6333
b;b33;b93;сардинелла;18.01.2004;1;80;18.9;-16.5833
b;b33;b93;анчоусы;18.01.2004;11.112;80;18.9;-16.5833
b;b33;b93;сардина;18.01.2004;16;80;18.9;-16.5833
b;b30;b90;сардинелла;18.01.2004;2;50;18.8333;-16.75
b;b30;b90;анчоусы;18.01.2004;17;50;18.8333;-16.75
b;b30;b90;ставрида;18.01.2004;6;50;18.8333;-16.75
b;b30;b90;скумбрия;18.01.2004;9;50;18.8333;-16.75
i;i33;i93;сардинелла;18.01.2004;9.48;24;17;-16.75
i;i33;i93;анчоусы;18.01.2004;33.3;24;17;-16.75
i;i33;i93;ставрида;18.01.2004;48.58;24;17;-16.75
i;i33;i93;скумбрия;18.01.2004;18.58;24;17;-16.75
f;f30;f90;ставрида;18.01.2004;3.051;48;18.5167;-16.5333
f;f30;f90;скумбрия;18.01.2004;6.514;48;18.5167;-16.5333
f;f30;f90;сардина;18.01.2004;63.732;48;18.5167;-16.5333
i;i36;i96;анчоусы;18.01.2004;27.33;100;20.7;-17.6833
i;i36;i96;хек (мерлуза);18.01.2004;1.369;100;20.7;-17.6833
i;i36;i96;берикс;18.01.2004;0.36;100;20.7;-17.6833
i;i36;i96;ставрида;18.01.2004;58.74;100;20.7;-17.6833
c;c30;c90;сардинелла;18.01.2004;0.216;10;18.5167;-16.4833
c;c30;c90;ставрида;18.01.2004;3.348;10;18.5167;-16.4833
c;c30;c90;прочие  морские рыбы;18.01.2004;8.89;10;18.5167;-16.4833
c;c30;c90;скумбрия;18.01.2004;2.322;10;18.5167;-16.4833
c;c30;c90;сардина;18.01.2004;18.387;10;18.5167;-16.4833
d;d30;d90;сардинелла;19.01.2004;19.74;0;18.15;-16.3333
d;d30;d90;анчоусы;19.01.2004;11.112;0;18.15;-16.3333
d;d30;d90;ставрида;19.01.2004;2.58;0;18.15;-16.3333
d;d30;d90;скумбрия;19.01.2004;3;0;18.15;-16.3333
d;d30;d90;сардина;19.01.2004;2.7;0;18.15;-16.3333
a;a2;a93;сардинелла;19.01.2004;13.95;50;18.8833;-16.4667
a;a2;a93;анчоусы;19.01.2004;11.112;50;18.8833;-16.4667
a;a2;a93;ставрида;19.01.2004;1.41;50;18.8833;-16.4667
a;a2;a93;скумбрия;19.01.2004;0.33;50;18.8833;-16.4667
a;a2;a93;тунец полосатый скипджек;19.01.2004;0.21;50;18.8833;-16.4667
a;a2;a93;сардина;19.01.2004;10.41;50;18.8833;-16.4667
a;a1;a90;сардинелла;19.01.2004;7.031;0;19.15;-16.6667
a;a1;a90;ставрида;19.01.2004;2.01;0;19.15;-16.6667
a;a1;a90;скумбрия;19.01.2004;1.005;0;19.15;-16.6667
a;a1;a90;сардина;19.01.2004;3.015;0;19.15;-16.6667
a;a1;a90;тунец пятнистый;19.01.2004;1.005;0;19.15;-16.6667
b;b33;b93;анчоусы;19.01.2004;21.824;105;18.5;-16.45
b;b33;b93;ставрида;19.01.2004;1;105;18.5;-16.45
b;b33;b93;скумбрия;19.01.2004;6;105;18.5;-16.45
b;b33;b93;сардина;19.01.2004;13.4;105;18.5;-16.45
b;b30;b90;анчоусы;19.01.2004;22;10;18.3333;-16.6333
b;b30;b90;ставрида;19.01.2004;2;10;18.3333;-16.6333
b;b30;b90;скумбрия;19.01.2004;7;10;18.3333;-16.6333
b;b30;b90;тунцы крупные;19.01.2004;1;10;18.3333;-16.6333
i;i33;i93;сардинелла;19.01.2004;0.56;50;19;-16.8333
i;i33;i93;анчоусы;19.01.2004;33.3;50;19;-16.8333
i;i33;i93;ставрида;19.01.2004;38.16;50;19;-16.8333
i;i33;i93;скумбрия;19.01.2004;8.42;50;19;-16.8333
f;f30;f90;ставрида;19.01.2004;11.448;53;18.3667;-16.5
f;f30;f90;скумбрия;19.01.2004;10.832;53;18.3667;-16.5
f;f30;f90;сардина;19.01.2004;48.073;53;18.3667;-16.5
i;i36;i96;анчоусы;19.01.2004;16.668;300;20.6667;-17.6667
i;i36;i96;ставрида;19.01.2004;50.14;300;20.6667;-17.6667
b;b33;b93;ставрида;20.01.2004;4;120;18.3333;-16.4333
c;c30;c90;сардинелла;19.01.2004;0.216;10;18.45;-16.4667
c;c30;c90;ставрида;19.01.2004;8.613;10;18.45;-16.4667
c;c30;c90;прочие  морские рыбы;19.01.2004;8.89;10;18.45;-16.4667
c;c30;c90;скумбрия;19.01.2004;3.213;10;18.45;-16.4667
d;d30;d90;сардинелла;20.01.2004;4.8;0;8.1667;-16.4167
d;d30;d90;анчоусы;20.01.2004;11.112;0;8.1667;-16.4167
d;d30;d90;ставрида;20.01.2004;4.11;0;8.1667;-16.4167
d;d30;d90;скумбрия;20.01.2004;3.42;0;8.1667;-16.4167
d;d30;d90;сардина;20.01.2004;7.14;0;8.1667;-16.4167
a;a2;a93;анчоусы;20.01.2004;11.112;100;18.2333;-16.5333
a;a2;a93;скумбрия;20.01.2004;1.26;100;18.2333;-16.5333
a;a2;a93;сардина;20.01.2004;31.83;100;18.2333;-16.5333
a;a1;a90;сардинелла;20.01.2004;5.567;0;17.9333;-16.45
a;a1;a90;ставрида;20.01.2004;6.13;0;17.9333;-16.45
a;a1;a90;сардина;20.01.2004;6.03;0;17.9333;-16.45
b;b33;b93;сардинелла;20.01.2004;1;120;18.3333;-16.4333
b;b33;b93;анчоусы;20.01.2004;10.312;120;18.3333;-16.4333
b;b33;b93;скумбрия;20.01.2004;5;120;18.3333;-16.4333
b;b33;b93;сардина;20.01.2004;5.8;120;18.3333;-16.4333
b;b30;b90;сардинелла;20.01.2004;2;120;18.1667;-16.5667
b;b30;b90;анчоусы;20.01.2004;11;120;18.1667;-16.5667
b;b30;b90;ставрида;20.01.2004;17;120;18.1667;-16.5667
b;b30;b90;скумбрия;20.01.2004;11;120;18.1667;-16.5667
f;f30;f90;сардинелла;20.01.2004;18.96;37;17.7;-16.5
f;f30;f90;ставрида;20.01.2004;4.995;37;17.7;-16.5
f;f30;f90;скумбрия;20.01.2004;9.188;37;17.7;-16.5
f;f30;f90;сардина;20.01.2004;46.031;37;17.7;-16.5
i;i36;i96;анчоусы;20.01.2004;27.78;300;20.4;-17.7167
i;i36;i96;ставрида;20.01.2004;50.12;300;20.4;-17.7167
d;d30;d90;сардинелла;21.01.2004;2.16;0;18.1;-16.5
d;d30;d90;анчоусы;21.01.2004;11.112;0;18.1;-16.5
d;d30;d90;хек (мерлуза);21.01.2004;0.3;0;18.1;-16.5
d;d30;d90;ставрида;21.01.2004;3.36;0;18.1;-16.5
d;d30;d90;скумбрия;21.01.2004;7.08;0;18.1;-16.5
d;d30;d90;тунцы крупные;21.01.2004;2.1;0;18.1;-16.5
d;d30;d90;сардина;21.01.2004;1.05;0;18.1;-16.5
a;a2;a93;сардинелла;21.01.2004;1.5;70;17.9167;-16.3667
a;a2;a93;анчоусы;21.01.2004;16.668;70;17.9167;-16.3667
a;a2;a93;ставрида;21.01.2004;20.31;70;17.9167;-16.3667
a;a2;a93;скумбрия;21.01.2004;5.13;70;17.9167;-16.3667
a;a2;a93;сардина;21.01.2004;4.65;70;17.9167;-16.3667
a;a1;a90;ставрида;21.01.2004;18.662;0;17.7;-16.45
a;a1;a90;скумбрия;21.01.2004;8.241;0;17.7;-16.45
b;b33;b93;анчоусы;21.01.2004;16.268;70;18.15;-16.3667
b;b33;b93;ставрида;21.01.2004;1;70;18.15;-16.3667
b;b33;b93;скумбрия;21.01.2004;8;70;18.15;-16.3667
b;b33;b93;сардина;21.01.2004;4.4;70;18.15;-16.3667
b;b30;b90;сардинелла;21.01.2004;20;10;18.8333;-16.6667
b;b30;b90;ставрида;21.01.2004;6;10;18.8333;-16.6667
b;b30;b90;скумбрия;21.01.2004;12;10;18.8333;-16.6667
f;f30;f90;сардинелла;21.01.2004;1.02;37;16.65;-16.6667
a;a2;a93;сардина;22.01.2004;12.42;100;18;-16.3667
f;f30;f90;луфарь;21.01.2004;0.479;37;16.65;-16.6667
f;f30;f90;ставрида;21.01.2004;5.13;37;16.65;-16.6667
f;f30;f90;скумбрия;21.01.2004;8.759;37;16.65;-16.6667
f;f30;f90;сардина;21.01.2004;5.408;37;16.65;-16.6667
i;i36;i96;анчоусы;21.01.2004;33.336;300;18.1667;-16.5
i;i36;i96;ставрида;21.01.2004;38.12;300;18.1667;-16.5
i;i36;i96;скумбрия;21.01.2004;2;300;18.1667;-16.5
d;d30;d90;анчоусы;22.01.2004;11.112;0;19.6333;-17.0167
d;d30;d90;ставрида;22.01.2004;4.95;0;19.6333;-17.0167
d;d30;d90;скумбрия;22.01.2004;8.25;0;19.6333;-17.0167
d;d30;d90;сардина;22.01.2004;2.82;0;19.6333;-17.0167
a;a2;a93;сардинелла;22.01.2004;0.48;100;18;-16.3667
a;a2;a93;анчоусы;22.01.2004;22.224;100;18;-16.3667
a;a2;a93;ставрида;22.01.2004;2.88;100;18;-16.3667
a;a2;a93;скумбрия;22.01.2004;9.42;100;18;-16.3667
b;b33;b93;сардинелла;22.01.2004;6;0;18.1667;-16.4
b;b33;b93;анчоусы;22.01.2004;5.556;0;18.1667;-16.4
b;b33;b93;ставрида;22.01.2004;11;0;18.1667;-16.4
b;b33;b93;скумбрия;22.01.2004;5;0;18.1667;-16.4
f;f30;f90;зубаны;22.01.2004;0.729;5;16.25;-16.75
f;f30;f90;сардинелла;22.01.2004;31.723;5;16.25;-16.75
f;f30;f90;ставрида;22.01.2004;1.512;5;16.25;-16.75
f;f30;f90;сардина;22.01.2004;36.67;5;16.25;-16.75
i;i36;i96;анчоусы;22.01.2004;11.112;100;17.1667;-16.75
i;i36;i96;ставрида;22.01.2004;10.02;100;17.1667;-16.75
i;i36;i96;скумбрия;22.01.2004;10.1;100;17.1667;-16.75
c;c30;c90;ставрида;22.01.2004;0.432;10;20.4;-17.5667
c;c30;c90;прочие  морские рыбы;22.01.2004;34.447;10;20.4;-17.5667
a;a2;a93;сардина;24.01.2004;6.36;40;18;-16.4667
c;c30;c90;сардина;22.01.2004;3.618;10;20.4;-17.5667
d;d30;d90;зубаны;23.01.2004;1.512;0;20.6667;-17.75
d;d30;d90;анчоусы;23.01.2004;11.112;0;20.6667;-17.75
d;d30;d90;ставрида;23.01.2004;6.42;0;20.6667;-17.75
d;d30;d90;скумбрия;23.01.2004;1.068;0;20.6667;-17.75
a;a2;a93;зубаны;23.01.2004;1.512;100;18.0333;-16.3167
a;a2;a93;анчоусы;23.01.2004;5.556;100;18.0333;-16.3167
a;a2;a93;ставрида;23.01.2004;3.12;100;18.0333;-16.3167
a;a2;a93;скумбрия;23.01.2004;3.78;100;18.0333;-16.3167
a;a2;a93;сардина;23.01.2004;19.47;100;18.0333;-16.3167
a;a1;a90;ставрида;23.01.2004;4.02;0;19.2667;-16.75
a;a1;a90;прочие  морские рыбы;23.01.2004;11.131;0;19.2667;-16.75
a;a1;a90;скумбрия;23.01.2004;5.025;0;19.2667;-16.75
a;a1;a90;сардина;23.01.2004;11.056;0;19.2667;-16.75
b;b33;b93;анчоусы;23.01.2004;21.824;0;18.0333;-16.3333
b;b33;b93;ставрида;23.01.2004;11;0;18.0333;-16.3333
b;b33;b93;скумбрия;23.01.2004;8;0;18.0333;-16.3333
b;b33;b93;сардина;23.01.2004;6.4;0;18.0333;-16.3333
a;a1;a90;ставрида;24.01.2004;4.02;0;17.9333;-16.4833
f;f30;f90;зубаны;23.01.2004;0.783;5;16.4;-16.7333
f;f30;f90;сардинелла;23.01.2004;36.75;5;16.4;-16.7333
f;f30;f90;ставрида;23.01.2004;4.482;5;16.4;-16.7333
f;f30;f90;сардина;23.01.2004;45.559;5;16.4;-16.7333
i;i36;i96;анчоусы;23.01.2004;11.112;300;16.3333;-16.8333
i;i36;i96;ставрида;23.01.2004;20.02;300;16.3333;-16.8333
i;i36;i96;скумбрия;23.01.2004;5.1;300;16.3333;-16.8333
d;d30;d90;анчоусы;24.01.2004;16.668;0;20.7333;-17.25
d;d30;d90;ставрида;24.01.2004;2.01;0;20.7333;-17.25
d;d30;d90;скумбрия;24.01.2004;5.94;0;20.7333;-17.25
d;d30;d90;сардина;24.01.2004;2.16;0;20.7333;-17.25
a;a2;a93;зубаны;24.01.2004;0.162;40;18;-16.4667
a;a2;a93;анчоусы;24.01.2004;5.556;40;18;-16.4667
a;a2;a93;ставрида;24.01.2004;17.79;40;18;-16.4667
a;a2;a93;скумбрия;24.01.2004;9.78;40;18;-16.4667
a;a1;a90;скумбрия;24.01.2004;1.005;0;17.9333;-16.4833
a;a1;a90;сардина;24.01.2004;59.99;0;17.9333;-16.4833
b;b33;b93;анчоусы;24.01.2004;25.38;120;18.1667;-16.3833
b;b33;b93;ставрида;24.01.2004;12;120;18.1667;-16.3833
b;b33;b93;скумбрия;24.01.2004;2;120;18.1667;-16.3833
b;b33;b93;сардина;24.01.2004;13.4;120;18.1667;-16.3833
f;f30;f90;сардинелла;24.01.2004;36;5;16.2833;-16.7833
f;f30;f90;ставрида;24.01.2004;2.619;5;16.2833;-16.7833
f;f30;f90;сардина;24.01.2004;28.891;5;16.2833;-16.7833
i;i36;i96;анчоусы;24.01.2004;5.556;300;16.6167;-16.8333
i;i36;i96;ставрида;24.01.2004;10.1;300;16.6167;-16.8333
i;i36;i96;скумбрия;24.01.2004;5.058;300;16.6167;-16.8333
c;c30;c90;ставрида;24.01.2004;1.512;10;18.6333;-16.4
c;c30;c90;прочие  морские рыбы;24.01.2004;13.334;10;18.6333;-16.4
c;c30;c90;сардина;24.01.2004;14.985;10;18.6333;-16.4
a;a2;a93;ставрида;25.01.2004;35.61;170;18.05;-16.4667
a;a2;a93;тунец полосатый скипджек;25.01.2004;0.27;170;18.05;-16.4667
a;a1;a90;ставрида;25.01.2004;6.803;0;17.9667;-16.4167
a;a1;a90;скумбрия;25.01.2004;11.828;0;17.9667;-16.4167
a;a1;a90;тунец пятнистый;25.01.2004;3.015;0;17.9667;-16.4167
b;b33;b93;анчоусы;25.01.2004;16.268;120;18.0333;-16.35
b;b33;b93;ставрида;25.01.2004;12;120;18.0333;-16.35
b;b33;b93;сардина;25.01.2004;1.4;120;18.0333;-16.35
i;i33;i93;анчоусы;25.01.2004;10.823;5;20;-17.6667
i;i33;i93;сардина;25.01.2004;43.585;5;20;-17.6667
f;f30;f90;зубаны;25.01.2004;0.144;4;16.5333;-16.7
f;f30;f90;сардинелла;25.01.2004;21.225;4;16.5333;-16.7
f;f30;f90;ставрида;25.01.2004;15.228;4;16.5333;-16.7
f;f30;f90;скумбрия;25.01.2004;5.086;4;16.5333;-16.7
b;b33;b93;анчоусы;26.01.2004;11.112;0;18.25;-16.45
f;f30;f90;сардина;25.01.2004;40.064;4;16.5333;-16.7
i;i36;i96;анчоусы;25.01.2004;11.112;100;17.1333;-16.8
i;i36;i96;сардина;25.01.2004;30.1;100;17.1333;-16.8
i;i36;i96;кефаль;25.01.2004;9.774;100;17.1333;-16.8
c;c30;c90;ставрида;25.01.2004;10.098;10;18.2333;-16.4167
c;c30;c90;прочие  морские рыбы;25.01.2004;13.334;10;18.2333;-16.4167
c;c30;c90;скумбрия;25.01.2004;3.537;10;18.2333;-16.4167
c;c30;c90;сардина;25.01.2004;14.958;10;18.2333;-16.4167
a;a2;a93;ставрида;26.01.2004;31.38;160;18.15;-16.7
a;a2;a93;прочие  морские рыбы;26.01.2004;5.556;160;18.15;-16.7
a;a2;a93;скумбрия;26.01.2004;8.85;160;18.15;-16.7
a;a1;a90;ставрида;26.01.2004;7.808;0;17.7167;-16.35
a;a1;a90;скумбрия;26.01.2004;14.843;0;17.7167;-16.35
a;a1;a90;тунец пятнистый;26.01.2004;3.015;0;17.7167;-16.35
b;b33;b93;ставрида;26.01.2004;28;0;18.25;-16.45
b;b33;b93;скумбрия;26.01.2004;2;0;18.25;-16.45
i;i33;i93;анчоусы;26.01.2004;28.305;5;18.8667;-16.75
i;i33;i93;ставрида;26.01.2004;17.34;5;18.8667;-16.75
i;i33;i93;скумбрия;26.01.2004;1.14;5;18.8667;-16.75
i;i33;i93;сардина;26.01.2004;50.83;5;18.8667;-16.75
f;f30;f90;сардинелла;26.01.2004;7.6;26;16.1;-16.75
f;f30;f90;луфарь;26.01.2004;4.833;26;16.1;-16.75
f;f30;f90;ставрида;26.01.2004;11.529;26;16.1;-16.75
f;f30;f90;скумбрия;26.01.2004;6.976;26;16.1;-16.75
f;f30;f90;сардина;26.01.2004;34.192;26;16.1;-16.75
i;i36;i96;анчоусы;26.01.2004;11.112;300;19.3333;-17
i;i36;i96;ставрида;26.01.2004;50.1;300;19.3333;-17
c;c30;c90;ставрида;26.01.2004;21.357;10;18.2667;-16.4
c;c30;c90;прочие  морские рыбы;26.01.2004;13.334;10;18.2667;-16.4
c;c30;c90;скумбрия;26.01.2004;4.968;10;18.2667;-16.4
a;a2;a93;анчоусы;27.01.2004;5.556;170;18.0167;-16.4167
a;a2;a93;ставрида;27.01.2004;11.61;170;18.0167;-16.4167
a;a2;a93;скумбрия;27.01.2004;27.18;170;18.0167;-16.4167
a;a2;a93;тунец полосатый скипджек;27.01.2004;2.1;170;18.0167;-16.4167
a;a1;a90;ставрида;27.01.2004;14.07;0;18.0167;-16.25
a;a1;a90;скумбрия;27.01.2004;41.205;0;18.0167;-16.25
a;a1;a90;тунец пятнистый;27.01.2004;6.03;0;18.0167;-16.25
b;b33;b93;анчоусы;27.01.2004;16.668;150;18.2167;-16.5
b;b33;b93;ставрида;27.01.2004;30;150;18.2167;-16.5
i;i33;i93;анчоусы;27.01.2004;33.3;21;18.5333;-16.5833
i;i33;i93;ставрида;27.01.2004;39.94;21;18.5333;-16.5833
i;i33;i93;скумбрия;27.01.2004;10.08;21;18.5333;-16.5833
i;i33;i93;сардина;27.01.2004;10.81;21;18.5333;-16.5833
f;f30;f90;зубаны;27.01.2004;0.135;5;16.2333;-16.7333
a;a2;a93;ставрида;28.01.2004;31.74;80;17.75;-16.3833
f;f30;f90;луфарь;27.01.2004;0.957;5;16.2333;-16.7333
f;f30;f90;ставрида;27.01.2004;2.835;5;16.2333;-16.7333
f;f30;f90;скумбрия;27.01.2004;30.396;5;16.2333;-16.7333
f;f30;f90;сардина;27.01.2004;29.786;5;16.2333;-16.7333
i;i36;i96;зубаны;27.01.2004;0.234;300;18.95;-17.0833
i;i36;i96;анчоусы;27.01.2004;11.112;300;18.95;-17.0833
i;i36;i96;берикс;27.01.2004;0.45;300;18.95;-17.0833
i;i36;i96;ставрида;27.01.2004;49.4;300;18.95;-17.0833
c;c30;c90;ставрида;27.01.2004;7.587;10;18.3667;-16.35
c;c30;c90;прочие  морские рыбы;27.01.2004;7.778;10;18.3667;-16.35
c;c30;c90;скумбрия;27.01.2004;5.049;10;18.3667;-16.35
c;c30;c90;сардина;27.01.2004;7.641;10;18.3667;-16.35
a;a2;a93;скумбрия;28.01.2004;8.85;80;17.75;-16.3833
a;a2;a93;тунец полосатый скипджек;28.01.2004;0.3;80;17.75;-16.3833
b;b33;b93;анчоусы;28.01.2004;11.112;150;19.1333;-16.7167
b;b33;b93;ставрида;28.01.2004;20;150;19.1333;-16.7167
b;b33;b93;скумбрия;28.01.2004;2;150;19.1333;-16.7167
i;i33;i93;анчоусы;28.01.2004;10.823;16;18.4167;-16.55
i;i33;i93;ставрида;28.01.2004;38.92;16;18.4167;-16.55
i;i33;i93;прочие  морские рыбы;28.01.2004;3.402;16;18.4167;-16.55
i;i33;i93;скумбрия;28.01.2004;5.78;16;18.4167;-16.55
i;i36;i96;ставрида;28.01.2004;30.16;300;19.1667;-16.8333
c;c30;c90;сардинелла;28.01.2004;4.212;10;18.3333;-16.3333
c;c30;c90;ставрида;28.01.2004;4.779;10;18.3333;-16.3333
c;c30;c90;прочие  морские рыбы;28.01.2004;13.334;10;18.3333;-16.3333
c;c30;c90;скумбрия;28.01.2004;15.066;10;18.3333;-16.3333
f;f30;f90;сардинелла;28.01.2004;3.962;46;16.3167;-16.8167
f;f30;f90;луфарь;28.01.2004;1.005;46;16.3167;-16.8167
f;f30;f90;ставрида;28.01.2004;0.81;46;16.3167;-16.8167
f;f30;f90;скумбрия;28.01.2004;18.736;46;16.3167;-16.8167
f;f30;f90;сардина;28.01.2004;8.845;46;16.3167;-16.8167
d;d30;d90;анчоусы;29.01.2004;3.334;0;19.1333;-16.7833
d;d30;d90;хек (мерлуза);29.01.2004;0.6;0;19.1333;-16.7833
d;d30;d90;ставрида;29.01.2004;23.4;0;19.1333;-16.7833
a;a2;a93;зубаны;29.01.2004;0.27;70;17.75;-16.3833
a;a2;a93;ставрида;29.01.2004;11.07;70;17.75;-16.3833
a;a2;a93;скумбрия;29.01.2004;2.28;70;17.75;-16.3833
a;a2;a93;тунец полосатый скипджек;29.01.2004;0.24;70;17.75;-16.3833
a;a1;a90;сардина;29.01.2004;14.611;0;18.1167;-16.2833
b;b33;b93;анчоусы;29.01.2004;5.556;150;18.9667;-16.7333
b;b33;b93;ставрида;29.01.2004;13;150;18.9667;-16.7333
i;i33;i93;анчоусы;29.01.2004;29.138;39;18.0333;-16.4667
i;i33;i93;ставрида;29.01.2004;26.4;39;18.0333;-16.4667
a;a1;a90;скумбрия;30.01.2004;9.044;0;17.3;-16.6333
i;i33;i93;прочие  морские рыбы;29.01.2004;0.306;39;18.0333;-16.4667
i;i33;i93;сардина;29.01.2004;42.734;39;18.0333;-16.4667
i;i36;i96;анчоусы;29.01.2004;5.556;300;19.1667;-17
i;i36;i96;ставрида;29.01.2004;50.1;300;19.1667;-17
c;c30;c90;сардинелла;29.01.2004;11.637;10;18.3333;-16.3333
c;c30;c90;ставрида;29.01.2004;4.779;10;18.3333;-16.3333
c;c30;c90;прочие  морские рыбы;29.01.2004;11.112;10;18.3333;-16.3333
c;c30;c90;скумбрия;29.01.2004;9.531;10;18.3333;-16.3333
d;d30;d90;анчоусы;30.01.2004;1.944;0;19.1667;-16.7833
d;d30;d90;ставрида;30.01.2004;24;0;19.1667;-16.7833
a;a2;a93;пеламида;30.01.2004;1.5;135;17.6167;-16.5
a;a2;a93;ставрида;30.01.2004;11.73;135;17.6167;-16.5
a;a2;a93;скумбрия;30.01.2004;10.65;135;17.6167;-16.5
a;a2;a93;тунец полосатый скипджек;30.01.2004;0.66;135;17.6167;-16.5
a;a1;a90;ставрида;30.01.2004;8.04;0;17.3;-16.6333
b;b33;b93;анчоусы;30.01.2004;16.668;150;18.6833;-16.6
b;b33;b93;ставрида;30.01.2004;20;150;18.6833;-16.6
i;i33;i93;анчоусы;30.01.2004;34.133;32;17.8833;-16.5333
i;i33;i93;ставрида;30.01.2004;18.84;32;17.8833;-16.5333
i;i33;i93;прочие  морские рыбы;30.01.2004;0.342;32;17.8833;-16.5333
i;i33;i93;скумбрия;30.01.2004;13.64;32;17.8833;-16.5333
i;i33;i93;сардина;30.01.2004;37.444;32;17.8833;-16.5333
i;i36;i96;анчоусы;30.01.2004;5.556;30;15.5833;-17.1667
i;i36;i96;ставрида;30.01.2004;70.1;30;15.5833;-17.1667
c;c30;c90;сардинелла;30.01.2004;1.188;10;18.2833;-16.3667
c;c30;c90;ставрида;30.01.2004;1.89;10;18.2833;-16.3667
c;c30;c90;прочие  морские рыбы;30.01.2004;8.898;10;18.2833;-16.3667
a;a1;a90;сардина;01.02.2004;24.197;0;18.1333;-16.5
c;c30;c90;скумбрия;30.01.2004;17.091;10;18.2833;-16.3667
d;d30;d90;анчоусы;31.01.2004;1.944;0;19.5;-17
d;d30;d90;ставрида;31.01.2004;29.01;0;19.5;-17
a;a2;a93;ставрида;31.01.2004;12.42;150;17.4833;-16.5833
a;a2;a93;скумбрия;31.01.2004;2.58;150;17.4833;-16.5833
a;a1;a90;ставрида;31.01.2004;6.03;0;17.3;-16.6333
a;a1;a90;скумбрия;31.01.2004;8.04;0;17.3;-16.6333
a;a1;a90;сардина;31.01.2004;12.601;0;17.3;-16.6333
a;a1;a90;тунец пятнистый;31.01.2004;1.005;0;17.3;-16.6333
b;b33;b93;сардинелла;31.01.2004;4;0;19.1167;-16.75
b;b33;b93;анчоусы;31.01.2004;16.668;0;19.1167;-16.75
b;b33;b93;ставрида;31.01.2004;14;0;19.1167;-16.75
b;b33;b93;скумбрия;31.01.2004;2;0;19.1167;-16.75
i;i33;i93;анчоусы;31.01.2004;27.306;16;18.55;-16.6
i;i33;i93;ставрида;31.01.2004;26.08;16;18.55;-16.6
i;i33;i93;прочие  морские рыбы;31.01.2004;0.576;16;18.55;-16.6
i;i33;i93;скумбрия;31.01.2004;1.74;16;18.55;-16.6
f;f30;f90;ставрида;31.01.2004;16.281;64;17.3;-16.4167
f;f30;f90;скумбрия;31.01.2004;3.438;64;17.3;-16.4167
f;f30;f90;сардина;31.01.2004;47.753;64;17.3;-16.4167
i;i36;i96;анчоусы;31.01.2004;11.112;300;19.6667;-17.1667
i;i36;i96;ставрида;31.01.2004;70.1;300;19.6667;-17.1667
c;c30;c90;сардинелла;31.01.2004;0.135;10;18.3833;-16.45
c;c30;c90;ставрида;31.01.2004;11.151;10;18.3833;-16.45
c;c30;c90;прочие  морские рыбы;31.01.2004;13.334;10;18.3833;-16.45
c;c30;c90;скумбрия;31.01.2004;2.538;10;18.3833;-16.45
c;c30;c90;сардина;31.01.2004;14.553;10;18.3833;-16.45
d;d30;d90;ставрида;01.02.2004;20;0;19.6333;-17.0333
a;a2;a93;ставрида;01.02.2004;15.27;60;18.35;-16.3833
a;a2;a93;прочие  морские рыбы;01.02.2004;8.889;60;18.35;-16.3833
a;a1;a90;ставрида;01.02.2004;13.065;0;18.1333;-16.5
a;a1;a90;скумбрия;01.02.2004;4.02;0;18.1333;-16.5
b;b33;b93;сардинелла;01.02.2004;7;110;19.45;-16.8667
b;b33;b93;анчоусы;01.02.2004;11.112;110;19.45;-16.8667
b;b33;b93;ставрида;01.02.2004;15;110;19.45;-16.8667
b;b33;b93;скумбрия;01.02.2004;2;110;19.45;-16.8667
i;i33;i93;сардинелла;01.02.2004;3.32;14;18.25;-16.5167
i;i33;i93;анчоусы;01.02.2004;23.31;14;18.25;-16.5167
i;i33;i93;ставрида;01.02.2004;46.94;14;18.25;-16.5167
i;i33;i93;скумбрия;01.02.2004;7.32;14;18.25;-16.5167
i;i33;i93;сардина;01.02.2004;14.697;14;18.25;-16.5167
f;f30;f90;сардинелла;01.02.2004;0.42;15;16.7167;-16.6667
f;f30;f90;ставрида;01.02.2004;11.205;15;16.7167;-16.6667
f;f30;f90;скумбрия;01.02.2004;3.587;15;16.7167;-16.6667
f;f30;f90;сардина;01.02.2004;54.538;15;16.7167;-16.6667
i;i36;i96;анчоусы;01.02.2004;16.668;300;20.8833;-16.9833
i;i36;i96;ставрида;01.02.2004;52.88;300;20.8833;-16.9833
c;c30;c90;сардинелла;01.02.2004;0.27;10;18.3833;-16.4667
c;c30;c90;ставрида;01.02.2004;15.957;10;18.3833;-16.4667
c;c30;c90;прочие  морские рыбы;01.02.2004;13.334;10;18.3833;-16.4667
c;c30;c90;скумбрия;01.02.2004;5.643;10;18.3833;-16.4667
c;c30;c90;сардина;01.02.2004;0.162;10;18.3833;-16.4667
d;d30;d90;анчоусы;02.02.2004;5.556;0;19.9167;-17.4833
d;d30;d90;ставрида;02.02.2004;11.53;0;19.9167;-17.4833
d;d30;d90;скумбрия;02.02.2004;3.48;0;19.9167;-17.4833
a;a2;a93;макрурусы;02.02.2004;0.72;140;17.9333;-16.4
a;a2;a93;анчоусы;02.02.2004;13.335;140;17.9333;-16.4
a;a2;a93;ставрида;02.02.2004;40.65;140;17.9333;-16.4
a;a2;a93;скумбрия;02.02.2004;1.05;140;17.9333;-16.4
a;a1;a90;ставрида;02.02.2004;43.756;0;18.25;-16.4167
b;b33;b93;анчоусы;02.02.2004;16.668;110;19.6667;-17.1
b;b33;b93;ставрида;02.02.2004;26;110;19.6667;-17.1
b;b33;b93;скумбрия;02.02.2004;4;110;19.6667;-17.1
a;a2;a93;ставрида;03.02.2004;22.05;130;17.9333;-16.45
i;i33;i93;сардинелла;02.02.2004;0.18;50;18.0667;-16.4833
i;i33;i93;анчоусы;02.02.2004;16.65;50;18.0667;-16.4833
i;i33;i93;ставрида;02.02.2004;71.82;50;18.0667;-16.4833
i;i33;i93;прочие  морские рыбы;02.02.2004;0.54;50;18.0667;-16.4833
i;i33;i93;скумбрия;02.02.2004;5.42;50;18.0667;-16.4833
i;i33;i93;сардина;02.02.2004;2.806;50;18.0667;-16.4833
f;f30;f90;сардинелла;02.02.2004;0.808;10;16.9167;-16.5667
f;f30;f90;ставрида;02.02.2004;35.775;10;16.9167;-16.5667
f;f30;f90;скумбрия;02.02.2004;1.2;10;16.9167;-16.5667
f;f30;f90;сардина;02.02.2004;41.87;10;16.9167;-16.5667
c;c30;c90;ставрида;02.02.2004;15.822;10;18.4167;-16.4667
c;c30;c90;прочие  морские рыбы;02.02.2004;12.223;10;18.4167;-16.4667
c;c30;c90;скумбрия;02.02.2004;3.024;10;18.4167;-16.4667
a;a2;a93;анчоусы;03.02.2004;5.556;130;17.9333;-16.45
a;a1;a90;ставрида;03.02.2004;27.676;0;18.25;-16.5
b;b33;b93;анчоусы;03.02.2004;22.224;130;18.8333;-16.5667
b;b33;b93;ставрида;03.02.2004;23;130;18.8333;-16.5667
b;b33;b93;скумбрия;03.02.2004;2;130;18.8333;-16.5667
i;i33;i93;анчоусы;03.02.2004;24.975;16;18.1667;-16.5333
i;i33;i93;ставрида;03.02.2004;73.86;16;18.1667;-16.5333
i;i33;i93;скумбрия;03.02.2004;6.72;16;18.1667;-16.5333
f;f30;f90;сардинелла;03.02.2004;0.538;25;16.7833;-16.65
f;f30;f90;луфарь;03.02.2004;0.479;25;16.7833;-16.65
f;f30;f90;ставрида;03.02.2004;31.077;25;16.7833;-16.65
f;f30;f90;скумбрия;03.02.2004;0.78;25;16.7833;-16.65
f;f30;f90;сардина;03.02.2004;24.035;25;16.7833;-16.65
c;c30;c90;ставрида;03.02.2004;9.531;10;18.2167;-16.4167
c;c30;c90;прочие  морские рыбы;03.02.2004;16.668;10;18.2167;-16.4167
i;i33;i93;анчоусы;06.02.2004;29.97;14;18.3;-16.4667
c;c30;c90;скумбрия;03.02.2004;6.372;10;18.2167;-16.4167
c;c30;c90;сардина;03.02.2004;9.18;10;18.2167;-16.4167
d;d30;d90;анчоусы;04.02.2004;5.556;0;19.5833;-17.1
d;d30;d90;сардина;04.02.2004;25.02;0;19.5833;-17.1
b;b33;b93;анчоусы;04.02.2004;15.352;80;19.55;-17.0167
b;b33;b93;ставрида;04.02.2004;8;80;19.55;-17.0167
b;b33;b93;скумбрия;04.02.2004;2;80;19.55;-17.0167
b;b33;b93;сардина;04.02.2004;0.714;80;19.55;-17.0167
i;i33;i93;анчоусы;04.02.2004;14.985;16;18.25;-16.5333
i;i33;i93;ставрида;04.02.2004;88.8;16;18.25;-16.5333
i;i33;i93;скумбрия;04.02.2004;11.38;16;18.25;-16.5333
f;f30;f90;ставрида;04.02.2004;22.248;9;16.3333;-16.7333
f;f30;f90;скумбрия;04.02.2004;1.795;9;16.3333;-16.7333
f;f30;f90;сардина;04.02.2004;30.58;9;16.3333;-16.7333
c;c30;c90;сардинелла;04.02.2004;0.81;10;18.2667;-16.4
c;c30;c90;ставрида;04.02.2004;7.182;10;18.2667;-16.4
c;c30;c90;прочие  морские рыбы;04.02.2004;16.668;10;18.2667;-16.4
c;c30;c90;скумбрия;04.02.2004;4.158;10;18.2667;-16.4
c;c30;c90;сардина;04.02.2004;9.396;10;18.2667;-16.4
d;d30;d90;анчоусы;05.02.2004;5.556;0;19.3167;-16.8167
d;d30;d90;сардина;05.02.2004;7.02;0;19.3167;-16.8167
b;b33;b93;анчоусы;05.02.2004;25.78;60;19.5167;-16.9
b;b33;b93;ставрида;05.02.2004;17;60;19.5167;-16.9
b;b33;b93;скумбрия;05.02.2004;8;60;19.5167;-16.9
b;b33;b93;сардина;05.02.2004;7;60;19.5167;-16.9
i;i33;i93;анчоусы;05.02.2004;8.325;29;18.1333;-16.4667
i;i33;i93;ставрида;05.02.2004;85.08;29;18.1333;-16.4667
i;i33;i93;скумбрия;05.02.2004;16.36;29;18.1333;-16.4667
f;f30;f90;ставрида;05.02.2004;13.932;5;16.55;-16.7333
d;d30;d90;скумбрия;08.02.2004;1.32;0;20.1667;-17.6333
f;f30;f90;скумбрия;05.02.2004;0.6;5;16.55;-16.7333
f;f30;f90;сардина;05.02.2004;52.625;5;16.55;-16.7333
i;i36;i96;анчоусы;05.02.2004;11.112;100;20.4167;-17.7
i;i36;i96;ставрида;05.02.2004;7.2;100;20.4167;-17.7
i;i36;i96;сардина;05.02.2004;12.76;100;20.4167;-17.7
c;c30;c90;ставрида;05.02.2004;7.452;10;18.7;-16.4833
c;c30;c90;прочие  морские рыбы;05.02.2004;11.112;10;18.7;-16.4833
c;c30;c90;скумбрия;05.02.2004;11.691;10;18.7;-16.4833
k;k30;k90;хек (мерлуза);05.02.2004;0.281;120;20.0667;-17.2333
d;d30;d90;анчоусы;06.02.2004;11.112;0;20.7;-17.5
d;d30;d90;сардина;06.02.2004;12.33;0;20.7;-17.5
b;b33;b93;анчоусы;06.02.2004;24.18;0;19.3333;-16.8833
b;b33;b93;ставрида;06.02.2004;12;0;19.3333;-16.8833
b;b33;b93;скумбрия;06.02.2004;4;0;19.3333;-16.8833
b;b33;b93;сардина;06.02.2004;12.6;0;19.3333;-16.8833
i;i33;i93;сардинелла;06.02.2004;1.92;14;18.3;-16.4667
i;i33;i93;ставрида;06.02.2004;71.22;14;18.3;-16.4667
i;i33;i93;скумбрия;06.02.2004;30.56;14;18.3;-16.4667
f;f30;f90;ставрида;06.02.2004;12.717;23;18.5333;-16.4667
f;f30;f90;скумбрия;06.02.2004;4.49;23;18.5333;-16.4667
f;f30;f90;сардина;06.02.2004;47.358;23;18.5333;-16.4667
i;i36;i96;анчоусы;06.02.2004;11.112;100;18.2333;-16.4333
i;i36;i96;ставрида;06.02.2004;3.14;100;18.2333;-16.4333
i;i36;i96;скумбрия;06.02.2004;36.88;100;18.2333;-16.4333
k;k30;k90;хек (мерлуза);06.02.2004;0.161;205;19.3167;-16.8833
d;d30;d90;анчоусы;07.02.2004;11.112;0;20.7167;-17.5333
d;d30;d90;сардина;07.02.2004;19.02;0;20.7167;-17.5333
b;b33;b93;анчоусы;07.02.2004;22.224;70;19.2667;-16.7833
b;b33;b93;ставрида;07.02.2004;29;70;19.2667;-16.7833
b;b33;b93;скумбрия;07.02.2004;7;70;19.2667;-16.7833
i;i33;i93;сардинелла;07.02.2004;6.16;43;18.25;-16.5333
i;i33;i93;анчоусы;07.02.2004;34.965;43;18.25;-16.5333
i;i33;i93;ставрида;07.02.2004;56.78;43;18.25;-16.5333
i;i33;i93;скумбрия;07.02.2004;40.04;43;18.25;-16.5333
f;f30;f90;ставрида;07.02.2004;5.4;20;18.4;-16.5
f;f30;f90;скумбрия;07.02.2004;14.7;20;18.4;-16.5
f;f30;f90;сардина;07.02.2004;37.781;20;18.4;-16.5
i;i36;i96;сардинелла;07.02.2004;5.3;100;18.5;-16.6667
i;i36;i96;анчоусы;07.02.2004;11.112;100;18.5;-16.6667
i;i36;i96;ставрида;07.02.2004;16.52;100;18.5;-16.6667
i;i36;i96;скумбрия;07.02.2004;28.26;100;18.5;-16.6667
k;k30;k90;хек (мерлуза);07.02.2004;0.572;225;19.3333;-16.95
d;d30;d90;сардинелла;08.02.2004;10.83;0;20.1667;-17.6333
d;d30;d90;анчоусы;08.02.2004;5.556;0;20.1667;-17.6333
d;d30;d90;хек (мерлуза);08.02.2004;1.56;0;20.1667;-17.6333
d;d30;d90;сардина;08.02.2004;7.29;0;20.1667;-17.6333
b;b33;b93;анчоусы;08.02.2004;16.668;120;18.75;-16.6167
b;b33;b93;ставрида;08.02.2004;18;120;18.75;-16.6167
b;b33;b93;скумбрия;08.02.2004;8;120;18.75;-16.6167
i;i33;i93;анчоусы;08.02.2004;29.138;29;17.9;-16.4667
i;i33;i93;ставрида;08.02.2004;57.12;29;17.9;-16.4667
i;i33;i93;прочие  морские рыбы;08.02.2004;0.666;29;17.9;-16.4667
i;i33;i93;скумбрия;08.02.2004;26.06;29;17.9;-16.4667
f;f30;f90;сардинелла;08.02.2004;0.69;19;16.6333;-16.75
f;f30;f90;ставрида;08.02.2004;11.556;19;16.6333;-16.75
f;f30;f90;скумбрия;08.02.2004;4.077;19;16.6333;-16.75
f;f30;f90;сардина;08.02.2004;31.664;19;16.6333;-16.75
i;i36;i96;сардинелла;08.02.2004;7.96;100;18.2167;-16.4333
i;i36;i96;анчоусы;08.02.2004;22.224;100;18.2167;-16.4333
i;i33;i93;прочие  морские рыбы;09.02.2004;0.72;29;17.8667;-16.4167
i;i36;i96;ставрида;08.02.2004;3.18;100;18.2167;-16.4333
i;i36;i96;скумбрия;08.02.2004;12.06;100;18.2167;-16.4333
i;i36;i96;сардина;08.02.2004;56.58;100;18.2167;-16.4333
c;c30;c90;ставрида;08.02.2004;0.756;10;19.6833;-17
c;c30;c90;прочие  морские рыбы;08.02.2004;1.111;10;19.6833;-17
d;d30;d90;сардинелла;09.02.2004;2.13;0;19.5833;-17
d;d30;d90;анчоусы;09.02.2004;11.112;0;19.5833;-17
d;d30;d90;хек (мерлуза);09.02.2004;1.56;0;19.5833;-17
d;d30;d90;скумбрия;09.02.2004;0.6;0;19.5833;-17
d;d30;d90;сардина;09.02.2004;9.72;0;19.5833;-17
a;a1;a90;ставрида;09.02.2004;16.08;0;17.8;-16.35
a;a1;a90;скумбрия;09.02.2004;2.01;0;17.8;-16.35
b;b33;b93;анчоусы;09.02.2004;22.224;170;18.85;-16.6167
b;b33;b93;ставрида;09.02.2004;36;170;18.85;-16.6167
i;i33;i93;анчоусы;09.02.2004;21.645;29;17.8667;-16.4167
i;i33;i93;ставрида;09.02.2004;59.3;29;17.8667;-16.4167
i;i33;i93;скумбрия;09.02.2004;30.36;29;17.8667;-16.4167
f;f30;f90;ставрида;09.02.2004;7.29;18;18.6167;-16.4667
f;f30;f90;скумбрия;09.02.2004;3.986;18;18.6167;-16.4667
f;f30;f90;сардина;09.02.2004;32.864;18;18.6167;-16.4667
i;i36;i96;анчоусы;09.02.2004;11.112;100;16.8333;-76.8333
i;i36;i96;ставрида;09.02.2004;13.7;100;16.8333;-76.8333
i;i36;i96;скумбрия;09.02.2004;16.4;100;16.8333;-76.8333
c;c30;c90;ставрида;09.02.2004;17.613;10;19.0833;-16.65
c;c30;c90;прочие  морские рыбы;09.02.2004;11.112;10;19.0833;-16.65
c;c30;c90;скумбрия;09.02.2004;2.673;10;19.0833;-16.65
a;a1;a90;ставрида;10.02.2004;4;0;18.0333;-16.25
a;a1;a90;скумбрия;10.02.2004;4;0;18.0333;-16.25
b;b33;b93;анчоусы;10.02.2004;27.78;160;18.5333;-16.5833
b;b33;b93;ставрида;10.02.2004;17;160;18.5333;-16.5833
b;b33;b93;скумбрия;10.02.2004;17;160;18.5333;-16.5833
i;i33;i93;анчоусы;10.02.2004;13.32;24;17.8667;-16.4167
i;i33;i93;ставрида;10.02.2004;81.52;24;17.8667;-16.4167
i;i33;i93;прочие  морские рыбы;10.02.2004;0.558;24;17.8667;-16.4167
i;i33;i93;скумбрия;10.02.2004;26.58;24;17.8667;-16.4167
f;f30;f90;сардина;10.02.2004;31.114;5;18.7667;-16.5333
i;i36;i96;анчоусы;10.02.2004;11.112;300;17.0667;-16.75
i;i36;i96;ставрида;10.02.2004;69.22;300;17.0667;-16.75
i;i36;i96;скумбрия;10.02.2004;10.86;300;17.0667;-16.75
c;c30;c90;ставрида;10.02.2004;3.32;10;18.3833;-16.45
c;c30;c90;скумбрия;10.02.2004;3.645;10;18.3833;-16.45
d;d30;d90;анчоусы;11.02.2004;5.556;0;17.3333;-16.5667
d;d30;d90;скумбрия;11.02.2004;9.81;0;17.3333;-16.5667
d;d30;d90;сардина;11.02.2004;15.6;0;17.3333;-16.5667
a;a2;a93;зубаны;11.02.2004;1.836;180;18.15;-16.3167
a;a2;a93;ставрида;11.02.2004;11.55;180;18.15;-16.3167
a;a2;a93;скумбрия;11.02.2004;2.19;180;18.15;-16.3167
b;b33;b93;анчоусы;11.02.2004;27.78;140;18.4333;-16.5667
b;b33;b93;ставрида;11.02.2004;17;140;18.4333;-16.5667
b;b33;b93;скумбрия;11.02.2004;23;140;18.4333;-16.5667
i;i33;i93;анчоусы;11.02.2004;18.315;50;17.5;-16.4667
i;i33;i93;ставрида;11.02.2004;97.96;50;17.5;-16.4667
i;i33;i93;скумбрия;11.02.2004;4.26;50;17.5;-16.4667
i;i36;i96;анчоусы;11.02.2004;11.112;300;16.9;-16.7667
i;i36;i96;ставрида;11.02.2004;69.98;300;16.9;-16.7667
i;i36;i96;скумбрия;11.02.2004;10.174;300;16.9;-16.7667
d;d30;d90;анчоусы;12.02.2004;5.556;0;17.0333;-16.55
d;d30;d90;сардина;12.02.2004;20;0;17.0333;-16.55
a;a2;a93;сардинелла;12.02.2004;0.66;120;16.8833;-16.7167
a;a2;a93;ставрида;12.02.2004;7.59;120;16.8833;-16.7167
a;a2;a93;скумбрия;12.02.2004;4.95;120;16.8833;-16.7167
b;b33;b93;анчоусы;12.02.2004;27.78;100;18.8667;-16.65
b;b33;b93;ставрида;12.02.2004;24;100;18.8667;-16.65
b;b33;b93;скумбрия;12.02.2004;16;100;18.8667;-16.65
i;i33;i93;анчоусы;12.02.2004;16.65;50;17.5833;-16.4667
i;i33;i93;ставрида;12.02.2004;95.46;50;17.5833;-16.4667
i;i33;i93;скумбрия;12.02.2004;6.24;50;17.5833;-16.4667
i;i36;i96;анчоусы;12.02.2004;5.556;300;16.3667;-16.7
i;i36;i96;ставрида;12.02.2004;57.14;300;16.3667;-16.7
i;i36;i96;скумбрия;12.02.2004;23.04;300;16.3667;-16.7
k;k30;k90;хек (мерлуза);12.02.2004;0.1;280;19.4833;-16.9833
d;d30;d90;анчоусы;13.02.2004;5.556;0;16.6667;-16.8333
d;d30;d90;сардина;13.02.2004;30;0;16.6667;-16.8333
a;a2;a93;сардинелла;13.02.2004;2.01;160;18.6833;-16.5833
a;a2;a93;анчоусы;13.02.2004;22.224;160;18.6833;-16.5833
a;a2;a93;ставрида;13.02.2004;5.79;160;18.6833;-16.5833
a;a2;a93;скумбрия;13.02.2004;2.58;160;18.6833;-16.5833
a;a2;a93;сардина;13.02.2004;21.03;160;18.6833;-16.5833
b;b33;b93;анчоусы;13.02.2004;27.78;150;18.9667;-16.6667
b;b33;b93;ставрида;13.02.2004;20;150;18.9667;-16.6667
b;b33;b93;скумбрия;13.02.2004;20;150;18.9667;-16.6667
i;i33;i93;анчоусы;13.02.2004;33.3;16;18.4167;-16.5333
i;i33;i93;ставрида;13.02.2004;104.74;16;18.4167;-16.5333
i;i33;i93;скумбрия;13.02.2004;8.84;16;18.4167;-16.5333
k;k30;k90;хек (мерлуза);13.02.2004;0.18;280;19.4167;-16.9667
d;d30;d90;анчоусы;14.02.2004;11.112;0;16.6667;-16.8333
d;d30;d90;сардина;14.02.2004;20;0;16.6667;-16.8333
a;a2;a93;анчоусы;14.02.2004;16.668;40;18.1;-16.3167
a;a2;a93;ставрида;14.02.2004;3.81;40;18.1;-16.3167
a;a2;a93;скумбрия;14.02.2004;1.5;40;18.1;-16.3167
a;a2;a93;сардина;14.02.2004;32.43;40;18.1;-16.3167
b;b33;b93;анчоусы;14.02.2004;22.224;105;18.9167;-16.6667
b;b33;b93;ставрида;14.02.2004;17;105;18.9167;-16.6667
b;b33;b93;скумбрия;14.02.2004;18;105;18.9167;-16.6667
i;i36;i96;анчоусы;14.02.2004;5.556;300;17.0167;-16.7833
d;d30;d90;анчоусы;17.02.2004;11.112;0;20.1667;-17.5833
i;i36;i96;ставрида;14.02.2004;41.14;300;17.0167;-16.7833
i;i36;i96;скумбрия;14.02.2004;38.806;300;17.0167;-16.7833
k;k30;k90;хек (мерлуза);14.02.2004;0.062;240;19.45;-17
d;d30;d90;анчоусы;15.02.2004;16.678;0;18;-16.5
d;d30;d90;сардина;15.02.2004;20;0;18;-16.5
a;a2;a93;анчоусы;15.02.2004;22.224;50;18.0167;-16.3167
a;a2;a93;ставрида;15.02.2004;19.53;50;18.0167;-16.3167
a;a2;a93;сардина;15.02.2004;23.01;50;18.0167;-16.3167
a;a1;a90;сардинелла;15.02.2004;4.248;0;19.1;-16.65
a;a1;a90;ставрида;15.02.2004;15.074;0;19.1;-16.65
a;a1;a90;сардина;15.02.2004;21.182;0;19.1;-16.65
b;b33;b93;анчоусы;15.02.2004;27.78;140;18.95;-16.6167
b;b33;b93;ставрида;15.02.2004;21;140;18.95;-16.6167
b;b33;b93;скумбрия;15.02.2004;5;140;18.95;-16.6167
i;i33;i93;анчоусы;15.02.2004;17.649;50;18.4833;-16.6167
i;i33;i93;ставрида;15.02.2004;84.46;50;18.4833;-16.6167
i;i36;i96;ставрида;15.02.2004;22.84;300;17.7167;-16.6333
i;i36;i96;скумбрия;15.02.2004;16.794;300;17.7167;-16.6333
d;d30;d90;анчоусы;16.02.2004;11.112;0;18.0333;-16.3667
d;d30;d90;сардина;16.02.2004;20;0;18.0333;-16.3667
a;a2;a93;сардинелла;16.02.2004;0.15;160;17.8;-16.5
a;a2;a93;анчоусы;16.02.2004;8.889;160;17.8;-16.5
a;a2;a93;ставрида;16.02.2004;39.78;160;17.8;-16.5
a;a2;a93;скумбрия;16.02.2004;1.2;160;17.8;-16.5
a;a1;a90;ставрида;16.02.2004;23.115;0;17.9833;-16.4167
a;a1;a90;сардина;16.02.2004;15.616;0;17.9833;-16.4167
b;b33;b93;анчоусы;16.02.2004;27.78;130;19.2;-16.75
b;b33;b93;ставрида;16.02.2004;12;130;19.2;-16.75
b;b33;b93;скумбрия;16.02.2004;18;130;19.2;-16.75
i;i33;i93;анчоусы;16.02.2004;30.803;16;18.5833;-16.5167
i;i33;i93;ставрида;16.02.2004;99.76;16;18.5833;-16.5167
i;i33;i93;скумбрия;16.02.2004;36.26;16;18.5833;-16.5167
i;i36;i96;ставрида;16.02.2004;19.12;100;18.7833;-16.5667
i;i36;i96;скумбрия;16.02.2004;40.9;100;18.7833;-16.5667
d;d30;d90;сардина;17.02.2004;20;0;20.1667;-17.5833
a;a2;a93;сардинелла;17.02.2004;12.39;160;17.7167;-16.4833
a;a2;a93;анчоусы;17.02.2004;13.334;160;17.7167;-16.4833
a;a2;a93;ставрида;17.02.2004;1.11;160;17.7167;-16.4833
a;a2;a93;скумбрия;17.02.2004;0.21;160;17.7167;-16.4833
a;a2;a93;сардина;17.02.2004;4.11;160;17.7167;-16.4833
b;b33;b93;анчоусы;17.02.2004;33.336;70;19.45;-16.9167
b;b33;b93;ставрида;17.02.2004;17;70;19.45;-16.9167
b;b33;b93;скумбрия;17.02.2004;21;70;19.45;-16.9167
i;i33;i93;анчоусы;17.02.2004;34.965;20;18.5;-16.5333
i;i33;i93;ставрида;17.02.2004;119.66;20;18.5;-16.5333
i;i33;i93;скумбрия;17.02.2004;13.38;20;18.5;-16.5333
i;i36;i96;анчоусы;17.02.2004;16.668;100;18.6167;-16.4667
i;i36;i96;ставрида;17.02.2004;64.12;100;18.6167;-16.4667
i;i36;i96;скумбрия;17.02.2004;66;100;18.6167;-16.4667
d;d30;d90;анчоусы;18.02.2004;5.556;0;20.6667;-17.4167
d;d30;d90;сардина;18.02.2004;20;0;20.6667;-17.4167
a;a2;a93;сардинелла;18.02.2004;1.17;130;19;-16.7333
a;a2;a93;ставрида;18.02.2004;5.88;130;19;-16.7333
a;a2;a93;скумбрия;18.02.2004;0.36;130;19;-16.7333
a;a2;a93;сардина;18.02.2004;5.4;130;19;-16.7333
a;a1;a90;ставрида;18.02.2004;12.316;0;17.7667;-16.4167
b;b33;b93;анчоусы;18.02.2004;16.668;70;19.25;-16.8
b;b33;b93;ставрида;18.02.2004;8.59;70;19.25;-16.8
b;b33;b93;скумбрия;18.02.2004;4.8;70;19.25;-16.8
i;i33;i93;анчоусы;18.02.2004;33.3;50;18.8333;-16.6
i;i33;i93;ставрида;18.02.2004;128.58;50;18.8333;-16.6
i;i33;i93;скумбрия;18.02.2004;23.56;50;18.8333;-16.6
i;i36;i96;анчоусы;18.02.2004;16.668;104;18.45;-16.5167
i;i36;i96;ставрида;18.02.2004;37.9;104;18.45;-16.5167
i;i36;i96;скумбрия;18.02.2004;52.2;104;18.45;-16.5167
d;d30;d90;ставрида;19.02.2004;50;0;20.6667;-17.75
d;d30;d90;скумбрия;19.02.2004;20;0;20.6667;-17.75
a;a2;a93;ставрида;19.02.2004;17.13;140;18.6;-16.6333
a;a2;a93;скумбрия;19.02.2004;6.78;140;18.6;-16.6333
a;a1;a90;ставрида;19.02.2004;15.075;0;17.8;-16.4167
a;a1;a90;скумбрия;19.02.2004;6.03;0;17.8;-16.4167
a;a1;a90;сардина;19.02.2004;20.718;0;17.8;-16.4167
b;b33;b93;анчоусы;19.02.2004;34.447;72;18.9;-16.4667
i;i33;i93;анчоусы;19.02.2004;34.965;50;18.0833;-16.5333
i;i33;i93;ставрида;19.02.2004;159.28;50;18.0833;-16.5333
i;i33;i93;скумбрия;19.02.2004;6.84;50;18.0833;-16.5333
i;i36;i96;зубаны;19.02.2004;1.512;100;18.35;-16.4167
i;i36;i96;анчоусы;19.02.2004;22.224;100;18.35;-16.4167
i;i36;i96;ставрида;19.02.2004;30.9;100;18.35;-16.4167
i;i36;i96;скумбрия;19.02.2004;67.64;100;18.35;-16.4167
d;d30;d90;ставрида;20.02.2004;60;0;20.5833;-17.7833
d;d30;d90;скумбрия;20.02.2004;15;0;20.5833;-17.7833
a;a2;a93;анчоусы;20.02.2004;22.224;40;18.85;-16.6
a;a2;a93;ставрида;20.02.2004;15.15;40;18.85;-16.6
a;a2;a93;скумбрия;20.02.2004;5.7;40;18.85;-16.6
a;a1;a90;ставрида;20.02.2004;16.08;0;18.3667;-16.5333
a;a1;a90;скумбрия;20.02.2004;9.045;0;18.3667;-16.5333
a;a1;a90;сардина;20.02.2004;24.274;0;18.3667;-16.5333
i;i36;i96;анчоусы;20.02.2004;27.78;100;18.4833;-16.45
i;i36;i96;ставрида;20.02.2004;44.12;100;18.4833;-16.45
i;i36;i96;скумбрия;20.02.2004;40.2;100;18.4833;-16.45
i;i36;i96;сардина;20.02.2004;15.78;100;18.4833;-16.45
a;a2;a93;ставрида;21.02.2004;6.87;110;19.05;-16.7667
a;a2;a93;скумбрия;21.02.2004;2.52;110;19.05;-16.7667
a;a1;a90;ставрида;21.02.2004;26.234;0;18.3833;-16.4167
a;a1;a90;скумбрия;21.02.2004;12.563;0;18.3833;-16.4167
b;b33;b93;ставрида;21.02.2004;8;110;19.0167;-16.7667
b;b33;b93;скумбрия;21.02.2004;2.01;110;19.0167;-16.7667
i;i36;i96;анчоусы;21.02.2004;27.78;100;18.9167;-16.65
a;a2;a93;ставрида;24.02.2004;5.67;40;18.1667;-16.3667
i;i36;i96;ставрида;21.02.2004;3.5;100;18.9167;-16.65
i;i36;i96;скумбрия;21.02.2004;7.28;100;18.9167;-16.65
i;i36;i96;сардина;21.02.2004;89.3;100;18.9167;-16.65
d;d30;d90;сардинелла;22.02.2004;1;0;20.1667;-17.7
d;d30;d90;ставрида;22.02.2004;60;0;20.1667;-17.7
a;a2;a93;анчоусы;22.02.2004;7.778;160;18.2833;-16.5333
a;a2;a93;ставрида;22.02.2004;3.84;160;18.2833;-16.5333
a;a2;a93;скумбрия;22.02.2004;10.74;160;18.2833;-16.5333
a;a2;a93;сардина;22.02.2004;9.51;160;18.2833;-16.5333
a;a1;a90;ставрида;22.02.2004;31.155;0;18.3;-16.3
a;a1;a90;сардина;22.02.2004;25.202;0;18.3;-16.3
b;b33;b93;анчоусы;22.02.2004;5.556;65;18.4167;-16.45
b;b33;b93;ставрида;22.02.2004;6;65;18.4167;-16.45
b;b33;b93;скумбрия;22.02.2004;4;65;18.4167;-16.45
i;i36;i96;сардинелла;22.02.2004;4;100;18.5667;-16.5167
i;i36;i96;анчоусы;22.02.2004;38.892;100;18.5667;-16.5167
i;i36;i96;ставрида;22.02.2004;17.78;100;18.5667;-16.5167
i;i36;i96;скумбрия;22.02.2004;39.46;100;18.5667;-16.5167
a;a2;a93;анчоусы;23.02.2004;5.556;13;18.1333;-16.4833
a;a2;a93;ставрида;23.02.2004;29.13;13;18.1333;-16.4833
a;a2;a93;скумбрия;23.02.2004;14.43;13;18.1333;-16.4833
a;a2;a93;сардина;23.02.2004;1.68;13;18.1333;-16.4833
a;a1;a90;ставрида;23.02.2004;29.141;0;18;-16
a;a1;a90;скумбрия;23.02.2004;3.015;0;18;-16
a;a1;a90;сардина;23.02.2004;32.314;0;18;-16
b;b33;b93;анчоусы;23.02.2004;11.112;120;18.3333;-16.4
b;b33;b93;ставрида;23.02.2004;13;120;18.3333;-16.4
b;b33;b93;сардина;23.02.2004;17;120;18.3333;-16.4
i;i36;i96;анчоусы;23.02.2004;38.892;100;19.6;-16.9167
i;i36;i96;ставрида;23.02.2004;32.56;100;19.6;-16.9167
i;i36;i96;скумбрия;23.02.2004;25.72;100;19.6;-16.9167
a;a2;a93;сардинелла;24.02.2004;0.87;40;18.1667;-16.3667
a;a2;a93;скумбрия;24.02.2004;0.81;40;18.1667;-16.3667
a;a2;a93;сардина;24.02.2004;2.7;40;18.1667;-16.3667
a;a1;a90;ставрида;24.02.2004;13.065;0;18.3333;-16.45
a;a1;a90;скумбрия;24.02.2004;4.02;0;18.3333;-16.45
a;a1;a90;сардина;24.02.2004;22.278;0;18.3333;-16.45
b;b33;b93;анчоусы;24.02.2004;22.224;72;18.5;-16.4167
b;b33;b93;ставрида;24.02.2004;6;72;18.5;-16.4167
b;b33;b93;скумбрия;24.02.2004;16.01;72;18.5;-16.4167
b;b33;b93;сардина;24.02.2004;11;72;18.5;-16.4167
a;a2;a93;сардинелла;25.02.2004;0.51;130;18.3167;-16.4833
a;a2;a93;ставрида;25.02.2004;1.89;130;18.3167;-16.4833
a;a2;a93;скумбрия;25.02.2004;1.77;130;18.3167;-16.4833
a;a2;a93;сардина;25.02.2004;5.1;130;18.3167;-16.4833
a;a1;a90;ставрида;25.02.2004;4.02;0;18.0833;-16.3667
a;a1;a90;сардина;25.02.2004;18.167;0;18.0833;-16.3667
b;b33;b93;сардинелла;25.02.2004;3;0;17.8667;-16.4333
b;b33;b93;анчоусы;25.02.2004;22.224;0;17.8667;-16.4333
b;b33;b93;ставрида;25.02.2004;5;0;17.8667;-16.4333
b;b33;b93;скумбрия;25.02.2004;1;0;17.8667;-16.4333
b;b33;b93;сардина;25.02.2004;20.55;0;17.8667;-16.4333
i;i36;i96;анчоусы;25.02.2004;5.556;300;20.8833;-17
i;i36;i96;ставрида;25.02.2004;43.9;300;20.8833;-17
i;i36;i96;скумбрия;25.02.2004;18.22;300;20.8833;-17
a;a2;a93;сардинелла;26.02.2004;0.45;95;18.2333;-16.4667
a;a2;a93;анчоусы;26.02.2004;20.002;95;18.2333;-16.4667
a;a2;a93;ставрида;26.02.2004;8.73;95;18.2333;-16.4667
a;a2;a93;скумбрия;26.02.2004;2.91;95;18.2333;-16.4667
a;a2;a93;сардина;26.02.2004;16.26;95;18.2333;-16.4667
a;a1;a90;ставрида;26.02.2004;24.12;0;17.5833;-16.3833
a;a1;a90;скумбрия;26.02.2004;2.01;0;17.5833;-16.3833
a;a1;a90;сардина;26.02.2004;27.212;0;17.5833;-16.3833
b;b33;b93;сардинелла;26.02.2004;3;110;17.9167;-16.4667
b;b33;b93;анчоусы;26.02.2004;33.336;110;17.9167;-16.4667
b;b33;b93;скумбрия;26.02.2004;13;110;17.9167;-16.4667
b;b33;b93;сардина;26.02.2004;4;110;17.9167;-16.4667
a;a2;a93;сардинелла;27.02.2004;1.11;100;17.9833;-16.4167
a;a2;a93;анчоусы;27.02.2004;8.889;100;17.9833;-16.4167
a;a2;a93;ставрида;27.02.2004;15.54;100;17.9833;-16.4167
a;a2;a93;скумбрия;27.02.2004;3.84;100;17.9833;-16.4167
a;a2;a93;сардина;27.02.2004;4.98;100;17.9833;-16.4167
a;a1;a90;ставрида;27.02.2004;22.11;0;17.2;-16.65
a;a1;a90;скумбрия;27.02.2004;7.035;0;17.2;-16.65
a;a1;a90;сардина;27.02.2004;12.06;0;17.2;-16.65
b;b33;b93;анчоусы;27.02.2004;33.336;150;16.9667;-16.7167
b;b33;b93;ставрида;27.02.2004;21;150;16.9667;-16.7167
b;b33;b93;скумбрия;27.02.2004;4;150;16.9667;-16.7167
a;a2;a93;сардинелла;28.02.2004;0.39;100;18.0833;-16.4333
a;a2;a93;анчоусы;28.02.2004;16.668;100;18.0833;-16.4333
a;a2;a93;ставрида;28.02.2004;28.14;100;18.0833;-16.4333
a;a2;a93;скумбрия;28.02.2004;3.78;100;18.0833;-16.4333
a;a1;a90;ставрида;28.02.2004;25.125;0;17.35;-16.5333
a;a1;a90;скумбрия;28.02.2004;8.04;0;17.35;-16.5333
b;b33;b93;анчоусы;28.02.2004;16.668;100;17.3333;-16.6333
b;b33;b93;ставрида;28.02.2004;11;100;17.3333;-16.6333
b;b33;b93;скумбрия;28.02.2004;14;100;17.3333;-16.6333
c;c30;c90;ставрида;28.02.2004;4.05;10;20.2667;-17.6
c;c30;c90;прочие  морские рыбы;28.02.2004;1.111;10;20.2667;-17.6
c;c30;c90;скумбрия;28.02.2004;3.21;10;20.2667;-17.6
a;a2;a93;сардинелла;29.02.2004;12.21;120;17.1;-16.65
a;a2;a93;анчоусы;29.02.2004;24.447;120;17.1;-16.65
a;a2;a93;ставрида;29.02.2004;15.93;120;17.1;-16.65
a;a2;a93;скумбрия;29.02.2004;1.86;120;17.1;-16.65
a;a1;a90;ставрида;29.02.2004;15.075;0;16.9833;-16.7167
a;a1;a90;скумбрия;29.02.2004;13.065;0;16.9833;-16.7167
b;b33;b93;сардинелла;29.02.2004;1;120;17.5667;-16.3167
b;b33;b93;анчоусы;29.02.2004;22.224;120;17.5667;-16.3167
b;b33;b93;ставрида;29.02.2004;7;120;17.5667;-16.3167
b;b33;b93;скумбрия;29.02.2004;12;120;17.5667;-16.3167
i;i36;i96;ставрида;29.02.2004;14;233;17;-16.6333
i;i36;i96;скумбрия;29.02.2004;6;233;17;-16.6333
c;c30;c90;ставрида;29.02.2004;3.93;10;19;-16.6667
c;c30;c90;прочие  морские рыбы;29.02.2004;5.556;10;19;-16.6667
c;c30;c90;скумбрия;29.02.2004;9.12;10;19;-16.6667